unidade,categoria,ano_mes,faturamento_categoria,percentual_perda,valor_perda,meta_percentual
U001,Hortifruti,2023-06,335093.4,7.89,26438.87,2.0
U001,Hortifruti,2023-07,304162.49,9.61,29230.02,2.0
U001,Hortifruti,2023-08,355964.56,7.81,27800.83,2.0
U001,Hortifruti,2023-09,350787.73,9.38,32903.89,2.0
U001,Hortifruti,2023-10,391843.38,7.78,30485.41,2.0
U001,Hortifruti,2023-11,379728.18,6.72,25517.73,2.0
U001,Hortifruti,2023-12,306266.24,7.06,21622.4,2.0
U001,Hortifruti,2024-01,323158.13,6.46,20876.02,2.0
U001,Hortifruti,2024-02,310017.57,7.72,23933.36,2.0
U001,Hortifruti,2024-03,357145.39,6.97,24893.03,2.0
U001,Hortifruti,2024-04,347768.0,6.31,21944.16,2.0
U001,Hortifruti,2024-05,297558.98,5.49,16335.99,2.0
U001,Hortifruti,2024-06,361412.57,5.54,20022.26,2.0
U001,Hortifruti,2024-07,323740.85,5.7,18453.23,2.0
U001,Hortifruti,2024-08,338041.82,5.73,19369.8,2.0
U001,Hortifruti,2024-09,373136.18,5.02,18731.44,2.0
U001,Hortifruti,2024-10,316535.64,5.4,17092.92,2.0
U001,Hortifruti,2024-11,345448.78,4.96,17134.26,2.0
U001,Hortifruti,2024-12,366457.23,5.13,18799.26,2.0
U001,Hortifruti,2025-01,392246.56,4.09,16042.88,2.0
U001,Hortifruti,2025-02,334435.49,3.65,12206.9,2.0
U001,Hortifruti,2025-03,307061.27,4.18,12835.16,2.0
U001,Hortifruti,2025-04,295461.32,3.63,10725.25,2.0
U001,Hortifruti,2025-05,370070.15,3.57,13211.5,2.0
U001,Hortifruti,2025-06,381477.72,3.22,12283.58,2.0
U001,Açougue,2023-06,362944.67,6.14,22284.8,2.0
U001,Açougue,2023-07,351074.94,6.5,22819.87,2.0
U001,Açougue,2023-08,377825.26,6.07,22933.99,2.0
U001,Açougue,2023-09,340192.97,6.77,23031.06,2.0
U001,Açougue,2023-10,297668.86,6.08,18098.27,2.0
U001,Açougue,2023-11,357990.4,5.96,21336.23,2.0
U001,Açougue,2023-12,375969.41,6.25,23498.09,2.0
U001,Açougue,2024-01,331109.98,4.93,16323.72,2.0
U001,Açougue,2024-02,293749.33,5.35,15715.59,2.0
U001,Açougue,2024-03,308713.55,4.86,15003.48,2.0
U001,Açougue,2024-04,297492.45,4.2,12494.68,2.0
U001,Açougue,2024-05,304732.14,4.93,15023.29,2.0
U001,Açougue,2024-06,331640.54,4.06,13464.61,2.0
U001,Açougue,2024-07,299716.93,4.68,14026.75,2.0
U001,Açougue,2024-08,347942.39,3.97,13813.31,2.0
U001,Açougue,2024-09,375697.35,4.3,16154.99,2.0
U001,Açougue,2024-10,320066.17,4.09,13090.71,2.0
U001,Açougue,2024-11,328330.75,3.42,11228.91,2.0
U001,Açougue,2024-12,389938.07,3.72,14505.7,2.0
U001,Açougue,2025-01,309553.82,2.82,8729.42,2.0
U001,Açougue,2025-02,315428.85,2.74,8642.75,2.0
U001,Açougue,2025-03,352024.13,2.79,9821.47,2.0
U001,Açougue,2025-04,291849.63,2.44,7121.13,2.0
U001,Açougue,2025-05,329408.94,2.39,7872.87,2.0
U001,Açougue,2025-06,389461.5,2.32,9035.51,2.0
U001,Padaria,2023-06,344450.55,7.93,27314.93,2.0
U001,Padaria,2023-07,360980.58,7.55,27254.03,2.0
U001,Padaria,2023-08,383951.97,6.14,23574.65,2.0
U001,Padaria,2023-09,381378.5,7.47,28488.97,2.0
U001,Padaria,2023-10,331787.54,7.29,24187.31,2.0
U001,Padaria,2023-11,302078.1,6.29,19000.71,2.0
U001,Padaria,2023-12,297831.2,6.53,19448.38,2.0
U001,Padaria,2024-01,312901.36,5.29,16552.48,2.0
U001,Padaria,2024-02,326405.52,5.28,17234.21,2.0
U001,Padaria,2024-03,291452.57,4.91,14310.32,2.0
U001,Padaria,2024-04,301864.91,4.9,14791.38,2.0
U001,Padaria,2024-05,294051.52,5.05,14849.6,2.0
U001,Padaria,2024-06,354589.95,5.63,19963.41,2.0
U001,Padaria,2024-07,317375.08,4.35,13805.82,2.0
U001,Padaria,2024-08,328885.38,4.44,14602.51,2.0
U001,Padaria,2024-09,378747.8,3.95,14960.54,2.0
U001,Padaria,2024-10,339358.92,4.88,16560.72,2.0
U001,Padaria,2024-11,300262.42,4.03,12100.58,2.0
U001,Padaria,2024-12,326671.11,3.39,11074.15,2.0
U001,Padaria,2025-01,376682.27,3.38,12731.86,2.0
U001,Padaria,2025-02,293804.13,3.09,9078.55,2.0
U001,Padaria,2025-03,345763.62,3.67,12689.52,2.0
U001,Padaria,2025-04,347297.74,2.71,9411.77,2.0
U001,Padaria,2025-05,345748.4,2.43,8401.69,2.0
U001,Padaria,2025-06,380227.72,3.0,11406.83,2.0
U001,Frios e Laticínios,2023-06,318286.13,6.35,20211.17,2.0
U001,Frios e Laticínios,2023-07,308610.04,5.6,17282.16,2.0
U001,Frios e Laticínios,2023-08,346209.5,6.14,21257.26,2.0
U001,Frios e Laticínios,2023-09,325336.97,5.97,19422.62,2.0
U001,Frios e Laticínios,2023-10,374898.3,4.91,18407.51,2.0
U001,Frios e Laticínios,2023-11,379127.53,5.94,22520.18,2.0
U001,Frios e Laticínios,2023-12,375599.96,5.49,20620.44,2.0
U001,Frios e Laticínios,2024-01,314750.35,5.21,16398.49,2.0
U001,Frios e Laticínios,2024-02,328000.72,4.72,15481.63,2.0
U001,Frios e Laticínios,2024-03,294302.1,3.9,11477.78,2.0
U001,Frios e Laticínios,2024-04,318086.51,4.09,13009.74,2.0
U001,Frios e Laticínios,2024-05,389812.98,4.46,17385.66,2.0
U001,Frios e Laticínios,2024-06,387807.89,3.99,15473.53,2.0
U001,Frios e Laticínios,2024-07,389657.21,4.46,17378.71,2.0
U001,Frios e Laticínios,2024-08,314104.7,3.57,11213.54,2.0
U001,Frios e Laticínios,2024-09,311661.21,3.27,10191.32,2.0
U001,Frios e Laticínios,2024-10,355618.26,3.1,11024.17,2.0
U001,Frios e Laticínios,2024-11,377873.37,3.63,13716.8,2.0
U001,Frios e Laticínios,2024-12,358592.03,3.06,10972.92,2.0
U001,Frios e Laticínios,2025-01,300148.64,3.17,9514.71,2.0
U001,Frios e Laticínios,2025-02,385005.65,2.88,11088.16,2.0
U001,Frios e Laticínios,2025-03,368585.88,2.81,10357.26,2.0
U001,Frios e Laticínios,2025-04,309790.81,2.41,7465.96,2.0
U001,Frios e Laticínios,2025-05,325630.34,2.46,8010.51,2.0
U001,Frios e Laticínios,2025-06,391370.46,2.29,8962.38,2.0
U001,Mercearia,2023-06,332714.07,1.94,6454.65,2.0
U001,Mercearia,2023-07,365979.29,2.21,8088.14,2.0
U001,Mercearia,2023-08,304495.37,1.7,5176.42,2.0
U001,Mercearia,2023-09,384499.07,1.65,6344.23,2.0
U001,Mercearia,2023-10,306463.64,1.95,5976.04,2.0
U001,Mercearia,2023-11,392260.04,1.9,7452.94,2.0
U001,Mercearia,2023-12,327470.49,1.75,5730.73,2.0
U001,Mercearia,2024-01,304901.2,1.64,5000.38,2.0
U001,Mercearia,2024-02,391291.56,1.34,5243.31,2.0
U001,Mercearia,2024-03,345591.19,1.58,5460.34,2.0
U001,Mercearia,2024-04,336048.97,1.65,5544.81,2.0
U001,Mercearia,2024-05,376404.54,1.56,5871.91,2.0
U001,Mercearia,2024-06,317331.58,1.23,3903.18,2.0
U001,Mercearia,2024-07,316169.77,1.22,3857.27,2.0
U001,Mercearia,2024-08,318106.09,1.27,4039.95,2.0
U001,Mercearia,2024-09,304910.44,1.16,3536.96,2.0
U001,Mercearia,2024-10,327817.79,1.27,4163.29,2.0
U001,Mercearia,2024-11,351430.16,1.07,3760.3,2.0
U001,Mercearia,2024-12,334693.19,1.15,3848.97,2.0
U001,Mercearia,2025-01,343026.75,1.09,3738.99,2.0
U001,Mercearia,2025-02,345274.96,0.93,3211.06,2.0
U001,Mercearia,2025-03,336698.56,0.74,2491.57,2.0
U001,Mercearia,2025-04,291833.06,0.73,2130.38,2.0
U001,Mercearia,2025-05,309155.66,0.82,2535.08,2.0
U001,Mercearia,2025-06,366019.88,0.69,2525.54,2.0
U001,Bebidas,2023-06,324958.16,1.53,4971.86,2.0
U001,Bebidas,2023-07,348559.74,1.47,5123.83,2.0
U001,Bebidas,2023-08,302342.68,1.54,4656.08,2.0
U001,Bebidas,2023-09,316987.99,1.4,4437.83,2.0
U001,Bebidas,2023-10,370861.14,1.25,4635.76,2.0
U001,Bebidas,2023-11,349206.45,1.3,4539.68,2.0
U001,Bebidas,2023-12,385284.48,1.35,5201.34,2.0
U001,Bebidas,2024-01,354431.44,1.19,4217.73,2.0
U001,Bebidas,2024-02,344108.04,1.18,4060.47,2.0
U001,Bebidas,2024-03,337955.57,1.2,4055.47,2.0
U001,Bebidas,2024-04,340598.02,1.1,3746.58,2.0
U001,Bebidas,2024-05,363348.13,1.19,4323.84,2.0
U001,Bebidas,2024-06,388338.57,1.13,4388.23,2.0
U001,Bebidas,2024-07,348978.56,0.9,3140.81,2.0
U001,Bebidas,2024-08,377828.55,1.06,4004.98,2.0
U001,Bebidas,2024-09,303938.26,0.79,2401.11,2.0
U001,Bebidas,2024-10,298890.46,0.84,2510.68,2.0
U001,Bebidas,2024-11,298949.56,0.75,2242.12,2.0
U001,Bebidas,2024-12,372061.99,0.81,3013.7,2.0
U001,Bebidas,2025-01,307314.51,0.81,2489.25,2.0
U001,Bebidas,2025-02,359340.67,0.73,2623.19,2.0
U001,Bebidas,2025-03,382234.23,0.58,2216.96,2.0
U001,Bebidas,2025-04,314014.75,0.69,2166.7,2.0
U001,Bebidas,2025-05,332392.14,0.64,2127.31,2.0
U001,Bebidas,2025-06,393243.92,0.52,2044.87,2.0
U001,Congelados,2023-06,308036.51,3.3,10165.2,2.0
U001,Congelados,2023-07,344462.23,2.86,9851.62,2.0
U001,Congelados,2023-08,311562.31,2.7,8412.18,2.0
U001,Congelados,2023-09,365706.94,2.61,9544.95,2.0
U001,Congelados,2023-10,348416.6,2.29,7978.74,2.0
U001,Congelados,2023-11,293288.43,2.55,7478.85,2.0
U001,Congelados,2023-12,355603.93,2.39,8498.93,2.0
U001,Congelados,2024-01,298041.34,2.44,7272.21,2.0
U001,Congelados,2024-02,372517.34,2.69,10020.72,2.0
U001,Congelados,2024-03,302205.9,2.59,7827.13,2.0
U001,Congelados,2024-04,295500.5,2.03,5998.66,2.0
U001,Congelados,2024-05,319245.88,2.28,7278.81,2.0
U001,Congelados,2024-06,334860.43,1.8,6027.49,2.0
U001,Congelados,2024-07,375666.41,2.18,8189.53,2.0
U001,Congelados,2024-08,306792.13,1.73,5307.5,2.0
U001,Congelados,2024-09,350118.34,2.01,7037.38,2.0
U001,Congelados,2024-10,300630.4,1.8,5411.35,2.0
U001,Congelados,2024-11,362215.43,1.4,5071.02,2.0
U001,Congelados,2024-12,298876.88,1.5,4483.15,2.0
U001,Congelados,2025-01,356685.21,1.65,5885.31,2.0
U001,Congelados,2025-02,300042.09,1.5,4500.63,2.0
U001,Congelados,2025-03,298281.18,1.43,4265.42,2.0
U001,Congelados,2025-04,338102.42,1.34,4530.57,2.0
U001,Congelados,2025-05,348315.17,1.08,3761.8,2.0
U001,Congelados,2025-06,318979.86,1.18,3763.96,2.0
U002,Hortifruti,2023-06,259219.16,8.0,20737.53,2.0
U002,Hortifruti,2023-07,227014.83,8.07,18320.1,2.0
U002,Hortifruti,2023-08,222457.86,7.65,17018.03,2.0
U002,Hortifruti,2023-09,242639.41,7.53,18270.75,2.0
U002,Hortifruti,2023-10,277161.29,7.56,20953.39,2.0
U002,Hortifruti,2023-11,257149.69,7.29,18746.21,2.0
U002,Hortifruti,2023-12,245340.08,6.81,16707.66,2.0
U002,Hortifruti,2024-01,237891.76,6.24,14844.45,2.0
U002,Hortifruti,2024-02,275123.34,6.02,16562.43,2.0
U002,Hortifruti,2024-03,233186.64,6.91,16113.2,2.0
U002,Hortifruti,2024-04,290672.45,6.51,18922.78,2.0
U002,Hortifruti,2024-05,281745.27,5.57,15693.21,2.0
U002,Hortifruti,2024-06,256757.26,5.95,15277.06,2.0
U002,Hortifruti,2024-07,248895.21,6.42,15979.07,2.0
U002,Hortifruti,2024-08,271625.79,5.6,15211.04,2.0
U002,Hortifruti,2024-09,245008.64,6.12,14994.53,2.0
U002,Hortifruti,2024-10,273090.25,5.61,15320.36,2.0
U002,Hortifruti,2024-11,249790.97,5.05,12614.44,2.0
U002,Hortifruti,2024-12,222767.12,4.4,9801.75,2.0
U002,Hortifruti,2025-01,224027.19,3.88,8692.25,2.0
U002,Hortifruti,2025-02,238288.67,4.42,10532.36,2.0
U002,Hortifruti,2025-03,225088.83,3.49,7855.6,2.0
U002,Hortifruti,2025-04,285727.2,4.01,11457.66,2.0
U002,Hortifruti,2025-05,240320.57,3.57,8579.44,2.0
U002,Hortifruti,2025-06,241178.8,2.91,7018.3,2.0
U002,Açougue,2023-06,230723.97,6.42,14812.48,2.0
U002,Açougue,2023-07,238878.75,6.22,14858.26,2.0
U002,Açougue,2023-08,293602.35,7.0,20552.16,2.0
U002,Açougue,2023-09,237428.73,6.06,14388.18,2.0
U002,Açougue,2023-10,242450.84,6.61,16026.0,2.0
U002,Açougue,2023-11,218653.89,5.38,11763.58,2.0
U002,Açougue,2023-12,255186.79,5.25,13397.31,2.0
U002,Açougue,2024-01,234075.6,5.27,12335.78,2.0
U002,Açougue,2024-02,218953.33,5.1,11166.62,2.0
U002,Açougue,2024-03,225495.26,4.57,10305.13,2.0
U002,Açougue,2024-04,221785.74,4.6,10202.14,2.0
U002,Açougue,2024-05,242041.72,3.91,9463.83,2.0
U002,Açougue,2024-06,263745.0,4.04,10655.3,2.0
U002,Açougue,2024-07,276470.28,4.25,11749.99,2.0
U002,Açougue,2024-08,273805.21,4.23,11581.96,2.0
U002,Açougue,2024-09,248619.84,4.3,10690.65,2.0
U002,Açougue,2024-10,294536.24,3.49,10279.31,2.0
U002,Açougue,2024-11,274434.87,3.14,8617.25,2.0
U002,Açougue,2024-12,221949.37,3.47,7701.64,2.0
U002,Açougue,2025-01,287378.41,3.47,9972.03,2.0
U002,Açougue,2025-02,275182.88,3.09,8503.15,2.0
U002,Açougue,2025-03,229318.02,3.07,7040.06,2.0
U002,Açougue,2025-04,257480.05,2.65,6823.22,2.0
U002,Açougue,2025-05,280646.56,2.7,7577.46,2.0
U002,Açougue,2025-06,263627.6,2.5,6590.69,2.0
U002,Padaria,2023-06,271251.93,8.38,22730.91,2.0
U002,Padaria,2023-07,236309.71,7.72,18243.11,2.0
U002,Padaria,2023-08,228838.62,6.1,13959.16,2.0
U002,Padaria,2023-09,226664.98,6.6,14959.89,2.0
U002,Padaria,2023-10,261657.82,7.36,19258.02,2.0
U002,Padaria,2023-11,266880.33,6.73,17961.05,2.0
U002,Padaria,2023-12,256316.99,6.62,16968.18,2.0
U002,Padaria,2024-01,280108.1,5.17,14481.59,2.0
U002,Padaria,2024-02,257372.05,6.31,16240.18,2.0
U002,Padaria,2024-03,269431.67,5.73,15438.43,2.0
U002,Padaria,2024-04,275409.39,4.76,13109.49,2.0
U002,Padaria,2024-05,224314.71,4.87,10924.13,2.0
U002,Padaria,2024-06,274834.42,4.71,12944.7,2.0
U002,Padaria,2024-07,275643.92,4.43,12211.03,2.0
U002,Padaria,2024-08,256676.05,5.32,13655.17,2.0
U002,Padaria,2024-09,255523.64,4.3,10987.52,2.0
U002,Padaria,2024-10,277737.69,4.48,12442.65,2.0
U002,Padaria,2024-11,268156.0,4.19,11235.74,2.0
U002,Padaria,2024-12,229944.22,3.36,7726.13,2.0
U002,Padaria,2025-01,275905.33,3.37,9298.01,2.0
U002,Padaria,2025-02,262370.19,3.24,8500.79,2.0
U002,Padaria,2025-03,223250.99,2.76,6161.73,2.0
U002,Padaria,2025-04,270411.55,2.82,7625.61,2.0
U002,Padaria,2025-05,270697.45,2.99,8093.85,2.0
U002,Padaria,2025-06,258418.47,2.46,6357.09,2.0
U002,Frios e Laticínios,2023-06,254546.16,5.94,15120.04,2.0
U002,Frios e Laticínios,2023-07,287511.14,5.17,14864.33,2.0
U002,Frios e Laticínios,2023-08,294026.84,5.16,15171.78,2.0
U002,Frios e Laticínios,2023-09,219921.77,6.23,13701.13,2.0
U002,Frios e Laticínios,2023-10,281820.68,5.28,14880.13,2.0
U002,Frios e Laticínios,2023-11,253243.36,5.92,14992.01,2.0
U002,Frios e Laticínios,2023-12,234758.87,4.68,10986.72,2.0
U002,Frios e Laticínios,2024-01,234826.11,5.51,12938.92,2.0
U002,Frios e Laticínios,2024-02,229505.71,4.81,11039.22,2.0
U002,Frios e Laticínios,2024-03,292068.54,4.57,13347.53,2.0
U002,Frios e Laticínios,2024-04,281845.31,3.89,10963.78,2.0
U002,Frios e Laticínios,2024-05,286986.51,4.22,12110.83,2.0
U002,Frios e Laticínios,2024-06,236421.02,4.3,10166.1,2.0
U002,Frios e Laticínios,2024-07,256073.71,4.35,11139.21,2.0
U002,Frios e Laticínios,2024-08,218848.41,3.19,6981.26,2.0
U002,Frios e Laticínios,2024-09,253344.37,3.55,8993.73,2.0
U002,Frios e Laticínios,2024-10,229425.99,3.2,7341.63,2.0
U002,Frios e Laticínios,2024-11,242954.59,3.09,7507.3,2.0
U002,Frios e Laticínios,2024-12,218705.76,3.39,7414.13,2.0
U002,Frios e Laticínios,2025-01,283302.83,3.13,8867.38,2.0
U002,Frios e Laticínios,2025-02,290036.48,2.44,7076.89,2.0
U002,Frios e Laticínios,2025-03,288120.85,2.75,7923.32,2.0
U002,Frios e Laticínios,2025-04,247285.7,2.27,5613.39,2.0
U002,Frios e Laticínios,2025-05,295621.14,2.19,6474.1,2.0
U002,Frios e Laticínios,2025-06,246397.58,2.16,5322.19,2.0
U002,Mercearia,2023-06,239797.69,1.96,4700.03,2.0
U002,Mercearia,2023-07,226417.62,1.68,3803.82,2.0
U002,Mercearia,2023-08,240605.22,2.08,5004.59,2.0
U002,Mercearia,2023-09,237805.05,2.08,4946.35,2.0
U002,Mercearia,2023-10,257988.57,1.66,4282.61,2.0
U002,Mercearia,2023-11,247372.66,1.57,3883.75,2.0
U002,Mercearia,2023-12,286786.28,1.9,5448.94,2.0
U002,Mercearia,2024-01,267240.53,1.77,4730.16,2.0
U002,Mercearia,2024-02,291139.66,1.76,5124.06,2.0
U002,Mercearia,2024-03,274081.31,1.53,4193.44,2.0
U002,Mercearia,2024-04,275067.19,1.26,3465.85,2.0
U002,Mercearia,2024-05,276634.39,1.38,3817.55,2.0
U002,Mercearia,2024-06,240650.36,1.41,3393.17,2.0
U002,Mercearia,2024-07,290065.66,1.12,3248.74,2.0
U002,Mercearia,2024-08,254997.06,1.1,2804.97,2.0
U002,Mercearia,2024-09,241542.4,1.13,2729.43,2.0
U002,Mercearia,2024-10,293885.71,1.21,3556.02,2.0
U002,Mercearia,2024-11,269176.78,1.0,2691.77,2.0
U002,Mercearia,2024-12,261564.82,0.96,2511.02,2.0
U002,Mercearia,2025-01,231479.93,0.94,2175.91,2.0
U002,Mercearia,2025-02,234607.31,0.82,1923.78,2.0
U002,Mercearia,2025-03,256917.27,0.97,2492.1,2.0
U002,Mercearia,2025-04,288482.87,0.74,2134.77,2.0
U002,Mercearia,2025-05,253282.66,0.87,2203.56,2.0
U002,Mercearia,2025-06,233414.26,0.62,1447.17,2.0
U002,Bebidas,2023-06,244950.83,1.32,3233.35,2.0
U002,Bebidas,2023-07,237018.34,1.28,3033.83,2.0
U002,Bebidas,2023-08,262513.37,1.32,3465.18,2.0
U002,Bebidas,2023-09,276402.16,1.54,4256.59,2.0
U002,Bebidas,2023-10,250499.59,1.3,3256.49,2.0
U002,Bebidas,2023-11,247643.93,1.31,3244.14,2.0
U002,Bebidas,2023-12,223358.88,1.2,2680.31,2.0
U002,Bebidas,2024-01,293221.43,1.13,3313.4,2.0
U002,Bebidas,2024-02,257404.81,1.04,2677.01,2.0
U002,Bebidas,2024-03,285135.02,1.18,3364.59,2.0
U002,Bebidas,2024-04,239478.75,1.0,2394.79,2.0
U002,Bebidas,2024-05,249409.84,0.97,2419.28,2.0
U002,Bebidas,2024-06,292161.36,1.0,2921.61,2.0
U002,Bebidas,2024-07,285908.73,1.07,3059.22,2.0
U002,Bebidas,2024-08,221058.78,0.8,1768.47,2.0
U002,Bebidas,2024-09,287668.02,0.95,2732.85,2.0
U002,Bebidas,2024-10,263867.9,0.84,2216.49,2.0
U002,Bebidas,2024-11,248774.48,0.69,1716.54,2.0
U002,Bebidas,2024-12,282259.74,0.87,2455.66,2.0
U002,Bebidas,2025-01,293572.89,0.81,2377.94,2.0
U002,Bebidas,2025-02,226983.55,0.64,1452.69,2.0
U002,Bebidas,2025-03,258868.2,0.58,1501.44,2.0
U002,Bebidas,2025-04,291200.7,0.64,1863.68,2.0
U002,Bebidas,2025-05,268509.71,0.6,1611.06,2.0
U002,Bebidas,2025-06,253850.79,0.57,1446.95,2.0
U002,Congelados,2023-06,221622.14,3.05,6759.48,2.0
U002,Congelados,2023-07,236513.07,3.17,7497.46,2.0
U002,Congelados,2023-08,268367.59,3.19,8560.93,2.0
U002,Congelados,2023-09,228443.16,2.59,5916.68,2.0
U002,Congelados,2023-10,267656.74,2.48,6637.89,2.0
U002,Congelados,2023-11,227221.66,2.75,6248.6,2.0
U002,Congelados,2023-12,259027.97,2.19,5672.71,2.0
U002,Congelados,2024-01,248509.18,2.49,6187.88,2.0
U002,Congelados,2024-02,264938.98,2.16,5722.68,2.0
U002,Congelados,2024-03,241831.64,1.94,4691.53,2.0
U002,Congelados,2024-04,292546.8,2.16,6319.01,2.0
U002,Congelados,2024-05,286748.28,2.2,6308.46,2.0
U002,Congelados,2024-06,236682.11,2.01,4757.31,2.0
U002,Congelados,2024-07,292675.95,1.8,5268.17,2.0
U002,Congelados,2024-08,242284.98,1.98,4797.24,2.0
U002,Congelados,2024-09,257012.5,1.53,3932.29,2.0
U002,Congelados,2024-10,250972.65,1.79,4492.41,2.0
U002,Congelados,2024-11,270053.1,1.5,4050.8,2.0
U002,Congelados,2024-12,236066.35,1.73,4083.95,2.0
U002,Congelados,2025-01,244649.69,1.25,3058.12,2.0
U002,Congelados,2025-02,271226.57,1.34,3634.44,2.0
U002,Congelados,2025-03,280059.24,1.18,3304.7,2.0
U002,Congelados,2025-04,257519.19,1.3,3347.75,2.0
U002,Congelados,2025-05,293389.1,1.03,3021.91,2.0
U002,Congelados,2025-06,281828.92,0.99,2790.11,2.0
U003,Hortifruti,2023-06,392756.93,8.27,32481.0,2.0
U003,Hortifruti,2023-07,402205.65,9.44,37968.21,2.0
U003,Hortifruti,2023-08,428026.89,9.67,41390.2,2.0
U003,Hortifruti,2023-09,392998.82,7.49,29435.61,2.0
U003,Hortifruti,2023-10,449823.55,7.83,35221.18,2.0
U003,Hortifruti,2023-11,383106.39,8.83,33828.29,2.0
U003,Hortifruti,2023-12,391664.88,7.3,28591.54,2.0
U003,Hortifruti,2024-01,382531.42,8.33,31864.87,2.0
U003,Hortifruti,2024-02,372017.39,6.1,22693.06,2.0
U003,Hortifruti,2024-03,479764.38,6.59,31616.47,2.0
U003,Hortifruti,2024-04,458493.06,7.32,33561.69,2.0
U003,Hortifruti,2024-05,484062.28,7.26,35142.92,2.0
U003,Hortifruti,2024-06,388137.28,5.76,22356.71,2.0
U003,Hortifruti,2024-07,460239.66,6.59,30329.79,2.0
U003,Hortifruti,2024-08,449712.41,4.8,21586.2,2.0
U003,Hortifruti,2024-09,412356.47,5.15,21236.36,2.0
U003,Hortifruti,2024-10,386047.84,4.84,18684.72,2.0
U003,Hortifruti,2024-11,400260.83,4.13,16530.77,2.0
U003,Hortifruti,2024-12,487137.62,4.41,21482.77,2.0
U003,Hortifruti,2025-01,488263.44,3.88,18944.62,2.0
U003,Hortifruti,2025-02,410138.04,3.76,15421.19,2.0
U003,Hortifruti,2025-03,469972.45,4.26,20020.83,2.0
U003,Hortifruti,2025-04,370618.8,3.56,13194.03,2.0
U003,Hortifruti,2025-05,412206.14,3.37,13891.35,2.0
U003,Hortifruti,2025-06,389103.37,3.55,13813.17,2.0
U003,Açougue,2023-06,479613.43,6.24,29927.88,2.0
U003,Açougue,2023-07,417103.09,5.43,22648.7,2.0
U003,Açougue,2023-08,462857.31,6.72,31104.01,2.0
U003,Açougue,2023-09,368766.99,5.15,18991.5,2.0
U003,Açougue,2023-10,482581.29,5.04,24322.1,2.0
U003,Açougue,2023-11,460365.45,5.21,23985.04,2.0
U003,Açougue,2023-12,407880.37,6.09,24839.91,2.0
U003,Açougue,2024-01,487417.23,4.91,23932.19,2.0
U003,Açougue,2024-02,397993.6,5.27,20974.26,2.0
U003,Açougue,2024-03,404976.47,5.24,21220.77,2.0
U003,Açougue,2024-04,364770.64,4.42,16122.86,2.0
U003,Açougue,2024-05,482116.23,4.91,23671.91,2.0
U003,Açougue,2024-06,485560.73,4.56,22141.57,2.0
U003,Açougue,2024-07,394354.23,3.61,14236.19,2.0
U003,Açougue,2024-08,487299.98,4.01,19540.73,2.0
U003,Açougue,2024-09,413980.47,4.38,18132.34,2.0
U003,Açougue,2024-10,419563.47,3.41,14307.11,2.0
U003,Açougue,2024-11,483612.78,3.5,16926.45,2.0
U003,Açougue,2024-12,467473.07,3.01,14070.94,2.0
U003,Açougue,2025-01,470068.53,3.38,15888.32,2.0
U003,Açougue,2025-02,442361.26,3.22,14244.03,2.0
U003,Açougue,2025-03,405370.56,2.66,10782.86,2.0
U003,Açougue,2025-04,464860.54,2.52,11714.49,2.0
U003,Açougue,2025-05,389654.37,2.14,8338.6,2.0
U003,Açougue,2025-06,396082.39,2.45,9704.02,2.0
U003,Padaria,2023-06,368639.62,6.52,24035.3,2.0
U003,Padaria,2023-07,406168.93,7.41,30097.12,2.0
U003,Padaria,2023-08,477875.31,8.12,38803.48,2.0
U003,Padaria,2023-09,398343.17,7.9,31469.11,2.0
U003,Padaria,2023-10,376682.9,5.85,22035.95,2.0
U003,Padaria,2023-11,455542.01,6.48,29519.12,2.0
U003,Padaria,2023-12,394396.67,6.18,24373.71,2.0
U003,Padaria,2024-01,444039.55,5.93,26331.55,2.0
U003,Padaria,2024-02,460454.19,6.18,28456.07,2.0
U003,Padaria,2024-03,449711.81,6.26,28151.96,2.0
U003,Padaria,2024-04,472397.72,4.85,22911.29,2.0
U003,Padaria,2024-05,437170.83,4.94,21596.24,2.0
U003,Padaria,2024-06,459180.1,4.87,22362.07,2.0
U003,Padaria,2024-07,396098.03,4.42,17507.53,2.0
U003,Padaria,2024-08,383998.57,4.3,16511.94,2.0
U003,Padaria,2024-09,438636.1,4.97,21800.21,2.0
U003,Padaria,2024-10,415208.95,4.03,16732.92,2.0
U003,Padaria,2024-11,429513.15,4.64,19929.41,2.0
U003,Padaria,2024-12,468228.37,3.53,16528.46,2.0
U003,Padaria,2025-01,491694.3,3.81,18733.55,2.0
U003,Padaria,2025-02,425326.64,3.03,12887.4,2.0
U003,Padaria,2025-03,472357.25,3.54,16721.45,2.0
U003,Padaria,2025-04,369475.1,3.41,12599.1,2.0
U003,Padaria,2025-05,379613.57,2.65,10059.76,2.0
U003,Padaria,2025-06,489381.24,2.38,11647.27,2.0
U003,Frios e Laticínios,2023-06,483879.48,6.15,29758.59,2.0
U003,Frios e Laticínios,2023-07,475644.94,5.61,26683.68,2.0
U003,Frios e Laticínios,2023-08,397707.63,5.59,22231.86,2.0
U003,Frios e Laticínios,2023-09,485875.98,5.97,29006.8,2.0
U003,Frios e Laticínios,2023-10,440933.19,4.72,20812.05,2.0
U003,Frios e Laticínios,2023-11,392268.7,5.37,21064.83,2.0
U003,Frios e Laticínios,2023-12,382461.79,4.83,18472.9,2.0
U003,Frios e Laticínios,2024-01,397060.33,4.43,17589.77,2.0
U003,Frios e Laticínios,2024-02,448068.36,4.84,21686.51,2.0
U003,Frios e Laticínios,2024-03,365748.84,4.13,15105.43,2.0
U003,Frios e Laticínios,2024-04,451498.25,4.15,18737.18,2.0
U003,Frios e Laticínios,2024-05,404425.17,3.81,15408.6,2.0
U003,Frios e Laticínios,2024-06,466536.15,3.69,17215.18,2.0
U003,Frios e Laticínios,2024-07,372420.57,3.94,14673.37,2.0
U003,Frios e Laticínios,2024-08,415109.58,3.28,13615.59,2.0
U003,Frios e Laticínios,2024-09,446466.25,3.62,16162.08,2.0
U003,Frios e Laticínios,2024-10,385331.48,2.98,11482.88,2.0
U003,Frios e Laticínios,2024-11,416972.86,3.43,14302.17,2.0
U003,Frios e Laticínios,2024-12,403833.74,2.88,11630.41,2.0
U003,Frios e Laticínios,2025-01,404446.53,3.31,13387.18,2.0
U003,Frios e Laticínios,2025-02,410209.08,2.8,11485.85,2.0
U003,Frios e Laticínios,2025-03,475403.11,2.52,11980.16,2.0
U003,Frios e Laticínios,2025-04,411057.61,2.79,11468.51,2.0
U003,Frios e Laticínios,2025-05,457889.79,2.06,9432.53,2.0
U003,Frios e Laticínios,2025-06,365041.28,1.91,6972.29,2.0
U003,Mercearia,2023-06,418768.47,2.24,9380.41,2.0
U003,Mercearia,2023-07,416513.7,2.13,8871.74,2.0
U003,Mercearia,2023-08,423545.09,2.11,8936.8,2.0
U003,Mercearia,2023-09,366192.99,1.65,6042.18,2.0
U003,Mercearia,2023-10,446657.15,1.81,8084.49,2.0
U003,Mercearia,2023-11,375732.57,1.94,7289.21,2.0
U003,Mercearia,2023-12,411965.61,1.74,7168.2,2.0
U003,Mercearia,2024-01,383042.59,1.62,6205.29,2.0
U003,Mercearia,2024-02,431291.86,1.46,6296.86,2.0
U003,Mercearia,2024-03,378273.37,1.71,6468.47,2.0
U003,Mercearia,2024-04,467761.75,1.45,6782.55,2.0
U003,Mercearia,2024-05,389658.22,1.6,6234.53,2.0
U003,Mercearia,2024-06,485538.31,1.2,5826.46,2.0
U003,Mercearia,2024-07,426351.83,1.48,6310.01,2.0
U003,Mercearia,2024-08,483364.43,1.08,5220.34,2.0
U003,Mercearia,2024-09,480542.68,1.15,5526.24,2.0
U003,Mercearia,2024-10,470300.03,1.17,5502.51,2.0
U003,Mercearia,2024-11,465320.43,0.97,4513.61,2.0
U003,Mercearia,2024-12,416290.87,0.94,3913.13,2.0
U003,Mercearia,2025-01,470895.56,1.07,5038.58,2.0
U003,Mercearia,2025-02,392331.88,0.83,3256.35,2.0
U003,Mercearia,2025-03,430871.9,0.84,3619.32,2.0
U003,Mercearia,2025-04,380107.29,0.78,2964.84,2.0
U003,Mercearia,2025-05,457484.92,0.7,3202.39,2.0
U003,Mercearia,2025-06,369569.88,0.78,2882.65,2.0
U003,Bebidas,2023-06,461673.59,1.53,7063.61,2.0
U003,Bebidas,2023-07,472054.83,1.26,5947.89,2.0
U003,Bebidas,2023-08,441366.83,1.26,5561.22,2.0
U003,Bebidas,2023-09,444905.45,1.4,6228.68,2.0
U003,Bebidas,2023-10,418294.95,1.26,5270.52,2.0
U003,Bebidas,2023-11,419023.69,1.33,5573.02,2.0
U003,Bebidas,2023-12,421730.07,1.32,5566.84,2.0
U003,Bebidas,2024-01,367291.11,1.19,4370.76,2.0
U003,Bebidas,2024-02,427221.63,1.22,5212.1,2.0
U003,Bebidas,2024-03,462458.38,1.04,4809.57,2.0
U003,Bebidas,2024-04,423208.59,1.19,5036.18,2.0
U003,Bebidas,2024-05,425128.14,0.95,4038.72,2.0
U003,Bebidas,2024-06,380801.47,0.89,3389.13,2.0
U003,Bebidas,2024-07,376077.4,0.95,3572.74,2.0
U003,Bebidas,2024-08,429877.87,0.92,3954.88,2.0
U003,Bebidas,2024-09,446113.33,0.77,3435.07,2.0
U003,Bebidas,2024-10,458590.31,0.74,3393.57,2.0
U003,Bebidas,2024-11,430047.65,0.88,3784.42,2.0
U003,Bebidas,2024-12,429075.95,0.67,2874.81,2.0
U003,Bebidas,2025-01,486540.17,0.7,3405.78,2.0
U003,Bebidas,2025-02,474480.44,0.61,2894.33,2.0
U003,Bebidas,2025-03,458410.85,0.74,3392.24,2.0
U003,Bebidas,2025-04,389190.94,0.66,2568.66,2.0
U003,Bebidas,2025-05,427526.14,0.65,2778.92,2.0
U003,Bebidas,2025-06,482062.44,0.6,2892.37,2.0
U003,Congelados,2023-06,465649.05,2.7,12572.52,2.0
U003,Congelados,2023-07,372709.23,3.3,12299.4,2.0
U003,Congelados,2023-08,461508.83,2.71,12506.89,2.0
U003,Congelados,2023-09,479554.79,2.47,11845.0,2.0
U003,Congelados,2023-10,469152.0,2.49,11681.88,2.0
U003,Congelados,2023-11,428856.59,2.32,9949.47,2.0
U003,Congelados,2023-12,391070.14,2.83,11067.28,2.0
U003,Congelados,2024-01,429343.75,2.26,9703.17,2.0
U003,Congelados,2024-02,369021.39,2.22,8192.27,2.0
U003,Congelados,2024-03,385015.2,2.05,7892.81,2.0
U003,Congelados,2024-04,451673.14,2.47,11156.33,2.0
U003,Congelados,2024-05,385981.12,2.36,9109.15,2.0
U003,Congelados,2024-06,379081.55,2.2,8339.79,2.0
U003,Congelados,2024-07,446098.12,1.96,8743.52,2.0
U003,Congelados,2024-08,476522.41,1.78,8482.1,2.0
U003,Congelados,2024-09,438862.76,1.81,7943.42,2.0
U003,Congelados,2024-10,377735.42,1.9,7176.97,2.0
U003,Congelados,2024-11,445256.94,1.86,8281.78,2.0
U003,Congelados,2024-12,466843.36,1.49,6955.97,2.0
U003,Congelados,2025-01,491635.49,1.35,6637.08,2.0
U003,Congelados,2025-02,410603.75,1.41,5789.51,2.0
U003,Congelados,2025-03,421150.5,1.4,5896.11,2.0
U003,Congelados,2025-04,459890.75,1.09,5012.81,2.0
U003,Congelados,2025-05,469691.7,0.98,4602.98,2.0
U003,Congelados,2025-06,446473.44,0.97,4330.79,2.0
U004,Hortifruti,2023-06,175844.76,10.31,18129.59,2.0
U004,Hortifruti,2023-07,161793.37,9.19,14868.81,2.0
U004,Hortifruti,2023-08,147452.22,7.24,10675.54,2.0
U004,Hortifruti,2023-09,177396.96,7.4,13127.38,2.0
U004,Hortifruti,2023-10,172080.58,7.86,13525.53,2.0
U004,Hortifruti,2023-11,152504.06,8.7,13267.85,2.0
U004,Hortifruti,2023-12,179302.72,6.92,12407.75,2.0
U004,Hortifruti,2024-01,145848.8,6.25,9115.55,2.0
U004,Hortifruti,2024-02,151184.36,6.74,10189.83,2.0
U004,Hortifruti,2024-03,157247.6,6.51,10236.82,2.0
U004,Hortifruti,2024-04,176010.43,6.73,11845.5,2.0
U004,Hortifruti,2024-05,177802.09,5.76,10241.4,2.0
U004,Hortifruti,2024-06,152644.22,6.03,9204.45,2.0
U004,Hortifruti,2024-07,158241.68,6.6,10443.95,2.0
U004,Hortifruti,2024-08,150641.38,5.0,7532.07,2.0
U004,Hortifruti,2024-09,190523.26,5.57,10612.15,2.0
U004,Hortifruti,2024-10,166386.15,5.53,9201.15,2.0
U004,Hortifruti,2024-11,146305.51,4.51,6598.38,2.0
U004,Hortifruti,2024-12,174634.17,4.81,8399.9,2.0
U004,Hortifruti,2025-01,178916.78,4.17,7460.83,2.0
U004,Hortifruti,2025-02,193910.94,4.06,7872.78,2.0
U004,Hortifruti,2025-03,158494.13,4.15,6577.51,2.0
U004,Hortifruti,2025-04,147977.24,4.08,6037.47,2.0
U004,Hortifruti,2025-05,166593.71,3.43,5714.16,2.0
U004,Hortifruti,2025-06,148716.64,2.9,4312.78,2.0
U004,Açougue,2023-06,146349.43,7.04,10303.0,2.0
U004,Açougue,2023-07,194104.49,6.42,12461.51,2.0
U004,Açougue,2023-08,155975.23,5.49,8563.04,2.0
U004,Açougue,2023-09,171785.91,6.17,10599.19,2.0
U004,Açougue,2023-10,187545.3,6.04,11327.74,2.0
U004,Açougue,2023-11,161625.39,5.07,8194.41,2.0
U004,Açougue,2023-12,148208.1,5.12,7588.25,2.0
U004,Açougue,2024-01,185981.53,5.88,10935.71,2.0
U004,Açougue,2024-02,146040.83,5.42,7915.41,2.0
U004,Açougue,2024-03,184038.21,5.42,9974.87,2.0
U004,Açougue,2024-04,183861.68,4.69,8623.11,2.0
U004,Açougue,2024-05,157334.49,4.5,7080.05,2.0
U004,Açougue,2024-06,157660.97,3.87,6101.48,2.0
U004,Açougue,2024-07,162969.4,3.63,5915.79,2.0
U004,Açougue,2024-08,181462.76,4.34,7875.48,2.0
U004,Açougue,2024-09,182315.19,4.26,7766.63,2.0
U004,Açougue,2024-10,174194.8,3.42,5957.46,2.0
U004,Açougue,2024-11,186263.14,3.44,6407.45,2.0
U004,Açougue,2024-12,159358.09,3.35,5338.5,2.0
U004,Açougue,2025-01,195350.1,3.29,6427.02,2.0
U004,Açougue,2025-02,190973.75,2.73,5213.58,2.0
U004,Açougue,2025-03,159104.67,2.4,3818.51,2.0
U004,Açougue,2025-04,183970.9,2.42,4452.1,2.0
U004,Açougue,2025-05,184087.78,2.78,5117.64,2.0
U004,Açougue,2025-06,190979.9,2.16,4125.17,2.0
U004,Padaria,2023-06,158014.34,7.11,11234.82,2.0
U004,Padaria,2023-07,178150.08,8.19,14590.49,2.0
U004,Padaria,2023-08,179926.43,7.5,13494.48,2.0
U004,Padaria,2023-09,169859.64,7.88,13384.94,2.0
U004,Padaria,2023-10,181591.79,7.37,13383.31,2.0
U004,Padaria,2023-11,168199.58,7.18,12076.73,2.0
U004,Padaria,2023-12,175046.08,6.7,11728.09,2.0
U004,Padaria,2024-01,156615.4,5.73,8974.06,2.0
U004,Padaria,2024-02,149715.55,6.09,9117.68,2.0
U004,Padaria,2024-03,153150.6,6.37,9755.69,2.0
U004,Padaria,2024-04,151200.6,4.69,7091.31,2.0
U004,Padaria,2024-05,163450.13,5.94,9708.94,2.0
U004,Padaria,2024-06,147191.96,4.52,6653.08,2.0
U004,Padaria,2024-07,181335.01,4.19,7597.94,2.0
U004,Padaria,2024-08,181560.4,4.84,8787.52,2.0
U004,Padaria,2024-09,149096.5,4.77,7111.9,2.0
U004,Padaria,2024-10,164403.74,4.37,7184.44,2.0
U004,Padaria,2024-11,187863.26,4.43,8322.34,2.0
U004,Padaria,2024-12,149105.92,4.29,6396.64,2.0
U004,Padaria,2025-01,192741.02,4.04,7786.74,2.0
U004,Padaria,2025-02,151223.1,3.9,5897.7,2.0
U004,Padaria,2025-03,151472.73,2.95,4468.45,2.0
U004,Padaria,2025-04,189311.17,2.61,4941.02,2.0
U004,Padaria,2025-05,178328.88,3.09,5510.36,2.0
U004,Padaria,2025-06,178193.31,2.88,5131.97,2.0
U004,Frios e Laticínios,2023-06,150850.82,5.62,8477.82,2.0
U004,Frios e Laticínios,2023-07,184664.43,5.13,9473.29,2.0
U004,Frios e Laticínios,2023-08,162127.14,5.17,8381.97,2.0
U004,Frios e Laticínios,2023-09,146790.09,5.39,7911.99,2.0
U004,Frios e Laticínios,2023-10,160247.65,4.96,7948.28,2.0
U004,Frios e Laticínios,2023-11,164641.25,5.52,9088.2,2.0
U004,Frios e Laticínios,2023-12,195291.39,4.75,9276.34,2.0
U004,Frios e Laticínios,2024-01,189499.41,4.87,9228.62,2.0
U004,Frios e Laticínios,2024-02,147307.61,4.87,7173.88,2.0
U004,Frios e Laticínios,2024-03,168160.26,4.42,7432.68,2.0
U004,Frios e Laticínios,2024-04,163548.77,4.73,7735.86,2.0
U004,Frios e Laticínios,2024-05,173376.71,4.47,7749.94,2.0
U004,Frios e Laticínios,2024-06,190058.02,3.71,7051.15,2.0
U004,Frios e Laticínios,2024-07,187876.0,3.41,6406.57,2.0
U004,Frios e Laticínios,2024-08,145781.09,3.36,4898.24,2.0
U004,Frios e Laticínios,2024-09,184912.17,3.24,5991.15,2.0
U004,Frios e Laticínios,2024-10,145938.6,3.89,5677.01,2.0
U004,Frios e Laticínios,2024-11,170990.61,3.23,5523.0,2.0
U004,Frios e Laticínios,2024-12,155203.84,3.35,5199.33,2.0
U004,Frios e Laticínios,2025-01,163569.55,2.91,4759.87,2.0
U004,Frios e Laticínios,2025-02,159115.29,3.02,4805.28,2.0
U004,Frios e Laticínios,2025-03,160306.1,2.93,4696.97,2.0
U004,Frios e Laticínios,2025-04,181687.5,2.22,4033.46,2.0
U004,Frios e Laticínios,2025-05,151367.48,2.26,3420.91,2.0
U004,Frios e Laticínios,2025-06,149873.96,2.19,3282.24,2.0
U004,Mercearia,2023-06,181568.14,2.17,3940.03,2.0
U004,Mercearia,2023-07,178007.94,2.11,3755.97,2.0
U004,Mercearia,2023-08,166351.06,1.81,3010.95,2.0
U004,Mercearia,2023-09,191506.67,1.78,3408.82,2.0
U004,Mercearia,2023-10,191405.94,1.56,2985.93,2.0
U004,Mercearia,2023-11,156314.58,1.48,2313.46,2.0
U004,Mercearia,2023-12,192062.52,1.56,2996.18,2.0
U004,Mercearia,2024-01,165221.41,1.62,2676.59,2.0
U004,Mercearia,2024-02,157726.74,1.75,2760.22,2.0
U004,Mercearia,2024-03,173050.86,1.49,2578.46,2.0
U004,Mercearia,2024-04,184439.46,1.57,2895.7,2.0
U004,Mercearia,2024-05,163636.39,1.47,2405.45,2.0
U004,Mercearia,2024-06,153702.52,1.28,1967.39,2.0
U004,Mercearia,2024-07,179765.15,1.43,2570.64,2.0
U004,Mercearia,2024-08,154434.03,1.33,2053.97,2.0
U004,Mercearia,2024-09,185490.95,1.17,2170.24,2.0
U004,Mercearia,2024-10,152197.22,1.16,1765.49,2.0
U004,Mercearia,2024-11,191235.03,1.07,2046.21,2.0
U004,Mercearia,2024-12,155566.65,0.94,1462.33,2.0
U004,Mercearia,2025-01,181877.12,0.91,1655.08,2.0
U004,Mercearia,2025-02,153664.85,1.01,1552.01,2.0
U004,Mercearia,2025-03,158447.02,0.77,1220.04,2.0
U004,Mercearia,2025-04,172569.19,0.77,1328.78,2.0
U004,Mercearia,2025-05,162586.72,0.68,1105.59,2.0
U004,Mercearia,2025-06,195864.76,0.63,1233.95,2.0
U004,Bebidas,2023-06,150950.05,1.6,2415.2,2.0
U004,Bebidas,2023-07,150941.38,1.66,2505.63,2.0
U004,Bebidas,2023-08,196311.4,1.37,2689.47,2.0
U004,Bebidas,2023-09,183426.48,1.5,2751.4,2.0
U004,Bebidas,2023-10,155804.11,1.31,2041.03,2.0
U004,Bebidas,2023-11,151210.44,1.35,2041.34,2.0
U004,Bebidas,2023-12,165686.12,1.15,1905.39,2.0
U004,Bebidas,2024-01,166235.37,1.05,1745.47,2.0
U004,Bebidas,2024-02,181376.88,1.28,2321.62,2.0
U004,Bebidas,2024-03,178236.57,1.13,2014.07,2.0
U004,Bebidas,2024-04,153007.5,1.08,1652.48,2.0
U004,Bebidas,2024-05,166528.12,1.09,1815.16,2.0
U004,Bebidas,2024-06,192411.63,1.09,2097.29,2.0
U004,Bebidas,2024-07,175233.16,0.95,1664.72,2.0
U004,Bebidas,2024-08,167373.68,1.0,1673.74,2.0
U004,Bebidas,2024-09,182857.01,0.82,1499.43,2.0
U004,Bebidas,2024-10,185522.49,0.95,1762.46,2.0
U004,Bebidas,2024-11,189554.26,0.86,1630.17,2.0
U004,Bebidas,2024-12,178707.71,0.81,1447.53,2.0
U004,Bebidas,2025-01,161812.16,0.72,1165.05,2.0
U004,Bebidas,2025-02,150747.44,0.71,1070.31,2.0
U004,Bebidas,2025-03,185950.87,0.63,1171.49,2.0
U004,Bebidas,2025-04,178094.47,0.65,1157.61,2.0
U004,Bebidas,2025-05,167498.39,0.52,870.99,2.0
U004,Bebidas,2025-06,177680.68,0.52,923.94,2.0
U004,Congelados,2023-06,180441.17,2.92,5268.88,2.0
U004,Congelados,2023-07,155128.91,3.3,5119.25,2.0
U004,Congelados,2023-08,185734.94,2.97,5516.33,2.0
U004,Congelados,2023-09,170906.07,2.66,4546.1,2.0
U004,Congelados,2023-10,147676.06,3.06,4518.89,2.0
U004,Congelados,2023-11,153986.19,2.63,4049.84,2.0
U004,Congelados,2023-12,194087.37,2.72,5279.18,2.0
U004,Congelados,2024-01,150913.05,2.45,3697.37,2.0
U004,Congelados,2024-02,173538.96,2.4,4164.94,2.0
U004,Congelados,2024-03,172055.55,2.42,4163.74,2.0
U004,Congelados,2024-04,188347.82,2.28,4294.33,2.0
U004,Congelados,2024-05,166817.93,2.12,3536.54,2.0
U004,Congelados,2024-06,156518.88,2.3,3599.93,2.0
U004,Congelados,2024-07,165899.64,2.05,3400.94,2.0
U004,Congelados,2024-08,152008.87,2.01,3055.38,2.0
U004,Congelados,2024-09,163995.75,2.04,3345.51,2.0
U004,Congelados,2024-10,159824.09,1.47,2349.41,2.0
U004,Congelados,2024-11,146398.71,1.57,2298.46,2.0
U004,Congelados,2024-12,167342.42,1.5,2510.14,2.0
U004,Congelados,2025-01,163823.57,1.54,2522.88,2.0
U004,Congelados,2025-02,157256.26,1.28,2012.88,2.0
U004,Congelados,2025-03,194053.61,1.39,2697.35,2.0
U004,Congelados,2025-04,156972.68,1.22,1915.07,2.0
U004,Congelados,2025-05,165872.37,1.23,2040.23,2.0
U004,Congelados,2025-06,152363.96,0.96,1462.69,2.0
U005,Hortifruti,2023-06,187349.44,9.75,18266.57,2.0
U005,Hortifruti,2023-07,169842.44,9.11,15472.65,2.0
U005,Hortifruti,2023-08,157336.46,8.67,13641.07,2.0
U005,Hortifruti,2023-09,163875.35,9.42,15437.06,2.0
U005,Hortifruti,2023-10,187820.87,8.36,15701.82,2.0
U005,Hortifruti,2023-11,169788.05,8.52,14465.94,2.0
U005,Hortifruti,2023-12,173910.91,7.07,12295.5,2.0
U005,Hortifruti,2024-01,188592.57,6.47,12201.94,2.0
U005,Hortifruti,2024-02,189463.01,6.74,12769.81,2.0
U005,Hortifruti,2024-03,165059.07,6.33,10448.24,2.0
U005,Hortifruti,2024-04,167628.23,6.08,10191.8,2.0
U005,Hortifruti,2024-05,145852.89,5.72,8342.79,2.0
U005,Hortifruti,2024-06,160176.6,6.48,10379.44,2.0
U005,Hortifruti,2024-07,161236.47,5.39,8690.65,2.0
U005,Hortifruti,2024-08,167751.08,5.55,9310.18,2.0
U005,Hortifruti,2024-09,179619.31,5.56,9986.83,2.0
U005,Hortifruti,2024-10,193477.35,4.89,9461.04,2.0
U005,Hortifruti,2024-11,148648.95,5.37,7982.45,2.0
U005,Hortifruti,2024-12,192298.59,5.07,9749.54,2.0
U005,Hortifruti,2025-01,152934.95,4.74,7249.12,2.0
U005,Hortifruti,2025-02,178276.92,4.54,8093.77,2.0
U005,Hortifruti,2025-03,146304.64,3.32,4857.31,2.0
U005,Hortifruti,2025-04,179449.2,4.13,7411.25,2.0
U005,Hortifruti,2025-05,150934.9,3.14,4739.36,2.0
U005,Hortifruti,2025-06,157730.13,2.81,4432.22,2.0
U005,Açougue,2023-06,163531.41,7.04,11512.61,2.0
U005,Açougue,2023-07,192210.2,5.67,10898.32,2.0
U005,Açougue,2023-08,154349.8,6.69,10326.0,2.0
U005,Açougue,2023-09,177001.74,6.67,11806.02,2.0
U005,Açougue,2023-10,180092.12,6.28,11309.79,2.0
U005,Açougue,2023-11,186243.8,6.28,11696.11,2.0
U005,Açougue,2023-12,155864.77,6.0,9351.89,2.0
U005,Açougue,2024-01,173012.34,5.57,9636.79,2.0
U005,Açougue,2024-02,168270.15,5.46,9187.55,2.0
U005,Açougue,2024-03,174260.42,5.48,9549.47,2.0
U005,Açougue,2024-04,157757.61,4.4,6941.33,2.0
U005,Açougue,2024-05,171072.52,4.07,6962.65,2.0
U005,Açougue,2024-06,169736.27,3.81,6466.95,2.0
U005,Açougue,2024-07,170984.86,3.76,6429.03,2.0
U005,Açougue,2024-08,173462.2,4.03,6990.53,2.0
U005,Açougue,2024-09,146054.06,4.28,6251.11,2.0
U005,Açougue,2024-10,169780.82,4.06,6893.1,2.0
U005,Açougue,2024-11,179929.74,3.57,6423.49,2.0
U005,Açougue,2024-12,164997.83,3.67,6055.42,2.0
U005,Açougue,2025-01,195117.27,3.08,6009.61,2.0
U005,Açougue,2025-02,178476.39,2.6,4640.39,2.0
U005,Açougue,2025-03,147181.52,2.92,4297.7,2.0
U005,Açougue,2025-04,180818.81,2.71,4900.19,2.0
U005,Açougue,2025-05,162709.15,2.77,4507.04,2.0
U005,Açougue,2025-06,171975.03,2.6,4471.35,2.0
U005,Padaria,2023-06,191874.6,7.47,14333.03,2.0
U005,Padaria,2023-07,182649.47,6.28,11470.39,2.0
U005,Padaria,2023-08,163128.34,7.36,12006.25,2.0
U005,Padaria,2023-09,164545.29,7.64,12571.26,2.0
U005,Padaria,2023-10,172741.93,6.64,11470.06,2.0
U005,Padaria,2023-11,156551.59,7.01,10974.27,2.0
U005,Padaria,2023-12,167437.13,6.16,10314.13,2.0
U005,Padaria,2024-01,188231.56,6.18,11632.71,2.0
U005,Padaria,2024-02,188283.47,5.51,10374.42,2.0
U005,Padaria,2024-03,171621.39,5.51,9456.34,2.0
U005,Padaria,2024-04,171758.95,5.09,8742.53,2.0
U005,Padaria,2024-05,179377.33,6.02,10798.52,2.0
U005,Padaria,2024-06,162731.81,5.51,8966.52,2.0
U005,Padaria,2024-07,161102.72,4.59,7394.61,2.0
U005,Padaria,2024-08,178362.22,4.78,8525.71,2.0
U005,Padaria,2024-09,147774.06,4.83,7137.49,2.0
U005,Padaria,2024-10,191259.5,4.53,8664.06,2.0
U005,Padaria,2024-11,148270.26,4.1,6079.08,2.0
U005,Padaria,2024-12,146033.69,3.61,5271.82,2.0
U005,Padaria,2025-01,193102.18,3.3,6372.37,2.0
U005,Padaria,2025-02,179555.07,3.55,6374.2,2.0
U005,Padaria,2025-03,192505.14,3.51,6756.93,2.0
U005,Padaria,2025-04,177430.24,3.13,5553.57,2.0
U005,Padaria,2025-05,181529.32,2.94,5336.96,2.0
U005,Padaria,2025-06,180736.08,2.7,4879.87,2.0
U005,Frios e Laticínios,2023-06,180017.25,5.48,9864.95,2.0
U005,Frios e Laticínios,2023-07,184937.56,5.76,10652.4,2.0
U005,Frios e Laticínios,2023-08,155038.19,5.0,7751.91,2.0
U005,Frios e Laticínios,2023-09,185547.51,4.75,8813.51,2.0
U005,Frios e Laticínios,2023-10,179436.9,6.01,10784.16,2.0
U005,Frios e Laticínios,2023-11,188019.98,4.98,9363.4,2.0
U005,Frios e Laticínios,2023-12,174622.36,5.46,9534.38,2.0
U005,Frios e Laticínios,2024-01,161247.79,4.51,7272.28,2.0
U005,Frios e Laticínios,2024-02,162093.11,4.59,7440.07,2.0
U005,Frios e Laticínios,2024-03,178719.34,4.44,7935.14,2.0
U005,Frios e Laticínios,2024-04,148523.2,4.94,7337.05,2.0
U005,Frios e Laticínios,2024-05,147739.51,4.3,6352.8,2.0
U005,Frios e Laticínios,2024-06,187388.49,3.59,6727.25,2.0
U005,Frios e Laticínios,2024-07,192958.1,3.98,7679.73,2.0
U005,Frios e Laticínios,2024-08,146440.99,3.67,5374.38,2.0
U005,Frios e Laticínios,2024-09,176158.5,3.44,6059.85,2.0
U005,Frios e Laticínios,2024-10,196154.63,3.85,7551.95,2.0
U005,Frios e Laticínios,2024-11,166924.31,3.21,5358.27,2.0
U005,Frios e Laticínios,2024-12,178860.3,2.71,4847.11,2.0
U005,Frios e Laticínios,2025-01,153519.3,2.66,4083.61,2.0
U005,Frios e Laticínios,2025-02,145960.28,2.35,3430.07,2.0
U005,Frios e Laticínios,2025-03,151971.64,2.73,4148.83,2.0
U005,Frios e Laticínios,2025-04,150247.16,2.76,4146.82,2.0
U005,Frios e Laticínios,2025-05,152346.95,2.51,3823.91,2.0
U005,Frios e Laticínios,2025-06,182709.48,1.8,3288.77,2.0
U005,Mercearia,2023-06,183440.1,1.85,3393.64,2.0
U005,Mercearia,2023-07,148292.85,1.76,2609.95,2.0
U005,Mercearia,2023-08,182411.25,2.05,3739.43,2.0
U005,Mercearia,2023-09,183242.83,2.03,3719.83,2.0
U005,Mercearia,2023-10,178043.48,1.56,2777.48,2.0
U005,Mercearia,2023-11,169401.24,1.84,3116.98,2.0
U005,Mercearia,2023-12,158779.74,1.89,3000.94,2.0
U005,Mercearia,2024-01,182599.38,1.85,3378.09,2.0
U005,Mercearia,2024-02,146471.81,1.34,1962.72,2.0
U005,Mercearia,2024-03,187749.09,1.58,2966.44,2.0
U005,Mercearia,2024-04,161711.79,1.27,2053.74,2.0
U005,Mercearia,2024-05,154251.28,1.5,2313.77,2.0
U005,Mercearia,2024-06,170725.46,1.5,2560.88,2.0
U005,Mercearia,2024-07,164617.66,1.12,1843.72,2.0
U005,Mercearia,2024-08,168277.22,1.27,2137.12,2.0
U005,Mercearia,2024-09,153166.62,1.25,1914.58,2.0
U005,Mercearia,2024-10,164396.52,1.23,2022.08,2.0
U005,Mercearia,2024-11,178099.2,1.13,2012.52,2.0
U005,Mercearia,2024-12,165552.21,1.0,1655.52,2.0
U005,Mercearia,2025-01,194310.27,1.05,2040.26,2.0
U005,Mercearia,2025-02,174864.85,0.99,1731.16,2.0
U005,Mercearia,2025-03,148832.8,0.81,1205.55,2.0
U005,Mercearia,2025-04,181882.24,0.92,1673.32,2.0
U005,Mercearia,2025-05,162790.63,0.83,1351.16,2.0
U005,Mercearia,2025-06,195983.04,0.72,1411.08,2.0
U005,Bebidas,2023-06,176629.92,1.65,2914.39,2.0
U005,Bebidas,2023-07,167754.61,1.38,2315.01,2.0
U005,Bebidas,2023-08,165086.24,1.58,2608.36,2.0
U005,Bebidas,2023-09,176663.08,1.45,2561.61,2.0
U005,Bebidas,2023-10,187241.9,1.5,2808.63,2.0
U005,Bebidas,2023-11,145800.94,1.21,1764.19,2.0
U005,Bebidas,2023-12,167442.86,1.17,1959.08,2.0
U005,Bebidas,2024-01,187679.29,1.25,2345.99,2.0
U005,Bebidas,2024-02,147889.54,1.31,1937.35,2.0
U005,Bebidas,2024-03,187461.55,1.25,2343.27,2.0
U005,Bebidas,2024-04,175126.71,1.21,2119.03,2.0
U005,Bebidas,2024-05,189489.39,0.98,1857.0,2.0
U005,Bebidas,2024-06,180924.28,1.11,2008.26,2.0
U005,Bebidas,2024-07,163552.45,1.09,1782.72,2.0
U005,Bebidas,2024-08,174188.97,0.82,1428.35,2.0
U005,Bebidas,2024-09,156022.14,0.97,1513.41,2.0
U005,Bebidas,2024-10,193631.45,0.91,1762.05,2.0
U005,Bebidas,2024-11,176926.19,0.74,1309.25,2.0
U005,Bebidas,2024-12,169645.18,0.81,1374.13,2.0
U005,Bebidas,2025-01,158814.92,0.66,1048.18,2.0
U005,Bebidas,2025-02,186428.48,0.74,1379.57,2.0
U005,Bebidas,2025-03,150224.62,0.64,961.44,2.0
U005,Bebidas,2025-04,185425.69,0.66,1223.81,2.0
U005,Bebidas,2025-05,175521.79,0.52,912.71,2.0
U005,Bebidas,2025-06,191233.41,0.59,1128.28,2.0
U005,Congelados,2023-06,170224.43,3.02,5140.78,2.0
U005,Congelados,2023-07,155442.07,3.0,4663.26,2.0
U005,Congelados,2023-08,155007.08,2.58,3999.18,2.0
U005,Congelados,2023-09,164373.9,2.92,4799.72,2.0
U005,Congelados,2023-10,166413.84,2.73,4543.1,2.0
U005,Congelados,2023-11,153377.61,2.61,4003.16,2.0
U005,Congelados,2023-12,196995.85,2.17,4274.81,2.0
U005,Congelados,2024-01,151171.8,2.34,3537.42,2.0
U005,Congelados,2024-02,186206.45,2.44,4543.44,2.0
U005,Congelados,2024-03,176428.07,2.03,3581.49,2.0
U005,Congelados,2024-04,172429.21,2.09,3603.77,2.0
U005,Congelados,2024-05,147441.21,1.8,2653.94,2.0
U005,Congelados,2024-06,190255.67,2.32,4413.93,2.0
U005,Congelados,2024-07,174883.75,1.94,3392.74,2.0
U005,Congelados,2024-08,185786.95,1.73,3214.11,2.0
U005,Congelados,2024-09,194391.41,1.74,3382.41,2.0
U005,Congelados,2024-10,187825.58,1.84,3455.99,2.0
U005,Congelados,2024-11,158776.91,1.84,2921.5,2.0
U005,Congelados,2024-12,156050.87,1.32,2059.87,2.0
U005,Congelados,2025-01,150016.61,1.32,1980.22,2.0
U005,Congelados,2025-02,174379.56,1.19,2075.12,2.0
U005,Congelados,2025-03,169283.02,1.44,2437.68,2.0
U005,Congelados,2025-04,192510.16,1.38,2656.64,2.0
U005,Congelados,2025-05,176472.08,0.98,1729.43,2.0
U005,Congelados,2025-06,151881.4,1.02,1549.19,2.0
U006,Hortifruti,2023-06,158941.39,10.24,16275.6,2.0
U006,Hortifruti,2023-07,178661.12,8.93,15954.44,2.0
U006,Hortifruti,2023-08,180157.11,9.68,17439.21,2.0
U006,Hortifruti,2023-09,168771.95,8.0,13501.76,2.0
U006,Hortifruti,2023-10,195382.38,7.21,14087.07,2.0
U006,Hortifruti,2023-11,157117.12,8.93,14030.56,2.0
U006,Hortifruti,2023-12,158872.91,6.49,10310.85,2.0
U006,Hortifruti,2024-01,192141.66,6.97,13392.27,2.0
U006,Hortifruti,2024-02,188771.21,7.91,14931.8,2.0
U006,Hortifruti,2024-03,186156.34,5.88,10945.99,2.0
U006,Hortifruti,2024-04,178972.46,6.98,12492.28,2.0
U006,Hortifruti,2024-05,148582.34,7.24,10757.36,2.0
U006,Hortifruti,2024-06,184540.32,5.43,10020.54,2.0
U006,Hortifruti,2024-07,180525.73,6.6,11914.7,2.0
U006,Hortifruti,2024-08,176132.5,5.25,9246.96,2.0
U006,Hortifruti,2024-09,151135.88,5.76,8705.43,2.0
U006,Hortifruti,2024-10,158931.97,4.83,7676.41,2.0
U006,Hortifruti,2024-11,170467.53,4.31,7347.15,2.0
U006,Hortifruti,2024-12,157977.81,4.15,6556.08,2.0
U006,Hortifruti,2025-01,180564.48,3.9,7042.01,2.0
U006,Hortifruti,2025-02,182600.23,3.52,6427.53,2.0
U006,Hortifruti,2025-03,147566.36,3.53,5209.09,2.0
U006,Hortifruti,2025-04,157056.98,4.1,6439.34,2.0
U006,Hortifruti,2025-05,190290.1,3.84,7307.14,2.0
U006,Hortifruti,2025-06,152902.09,3.52,5382.15,2.0
U006,Açougue,2023-06,150702.21,6.4,9644.94,2.0
U006,Açougue,2023-07,189029.96,7.14,13496.74,2.0
U006,Açougue,2023-08,168977.17,6.38,10780.74,2.0
U006,Açougue,2023-09,188043.13,5.68,10680.85,2.0
U006,Açougue,2023-10,178020.85,5.76,10254.0,2.0
U006,Açougue,2023-11,157113.47,5.02,7887.1,2.0
U006,Açougue,2023-12,182420.11,4.72,8610.23,2.0
U006,Açougue,2024-01,153156.56,5.35,8193.88,2.0
U006,Açougue,2024-02,159414.69,5.66,9022.87,2.0
U006,Açougue,2024-03,153721.02,4.79,7363.24,2.0
U006,Açougue,2024-04,188891.83,4.41,8330.13,2.0
U006,Açougue,2024-05,154343.89,4.34,6698.52,2.0
U006,Açougue,2024-06,162072.01,4.38,7098.75,2.0
U006,Açougue,2024-07,151585.79,4.72,7154.85,2.0
U006,Açougue,2024-08,148638.15,4.61,6852.22,2.0
U006,Açougue,2024-09,180082.97,4.32,7779.58,2.0
U006,Açougue,2024-10,170269.13,3.36,5721.04,2.0
U006,Açougue,2024-11,158972.22,3.28,5214.29,2.0
U006,Açougue,2024-12,164448.68,3.03,4982.8,2.0
U006,Açougue,2025-01,197044.4,3.62,7133.01,2.0
U006,Açougue,2025-02,150731.91,3.36,5064.59,2.0
U006,Açougue,2025-03,191804.54,2.63,5044.46,2.0
U006,Açougue,2025-04,183075.75,2.28,4174.13,2.0
U006,Açougue,2025-05,196043.89,2.3,4509.01,2.0
U006,Açougue,2025-06,187218.33,1.94,3632.04,2.0
U006,Padaria,2023-06,152921.66,7.14,10918.61,2.0
U006,Padaria,2023-07,188515.44,6.21,11706.81,2.0
U006,Padaria,2023-08,155270.78,7.15,11101.86,2.0
U006,Padaria,2023-09,192616.19,6.76,13020.85,2.0
U006,Padaria,2023-10,175097.48,6.12,10715.97,2.0
U006,Padaria,2023-11,154978.11,5.78,8957.73,2.0
U006,Padaria,2023-12,182311.8,6.79,12378.97,2.0
U006,Padaria,2024-01,149790.86,5.53,8283.43,2.0
U006,Padaria,2024-02,177011.44,5.15,9116.09,2.0
U006,Padaria,2024-03,159799.98,5.66,9044.68,2.0
U006,Padaria,2024-04,177210.86,4.99,8842.82,2.0
U006,Padaria,2024-05,187452.88,5.59,10478.62,2.0
U006,Padaria,2024-06,156117.81,5.19,8102.51,2.0
U006,Padaria,2024-07,183396.78,4.23,7757.68,2.0
U006,Padaria,2024-08,182828.02,4.53,8282.11,2.0
U006,Padaria,2024-09,187404.71,3.86,7233.82,2.0
U006,Padaria,2024-10,189012.41,4.04,7636.1,2.0
U006,Padaria,2024-11,171069.45,4.49,7681.02,2.0
U006,Padaria,2024-12,192525.39,3.28,6314.83,2.0
U006,Padaria,2025-01,190560.7,3.62,6898.3,2.0
U006,Padaria,2025-02,155282.68,3.2,4969.05,2.0
U006,Padaria,2025-03,164593.76,3.56,5859.54,2.0
U006,Padaria,2025-04,164802.79,2.73,4499.12,2.0
U006,Padaria,2025-05,145952.89,2.91,4247.23,2.0
U006,Padaria,2025-06,168639.47,2.64,4452.08,2.0
U006,Frios e Laticínios,2023-06,151925.41,6.03,9161.1,2.0
U006,Frios e Laticínios,2023-07,187707.54,6.21,11656.64,2.0
U006,Frios e Laticínios,2023-08,162221.77,6.3,10219.97,2.0
U006,Frios e Laticínios,2023-09,165328.58,5.86,9688.25,2.0
U006,Frios e Laticínios,2023-10,148862.13,5.75,8559.57,2.0
U006,Frios e Laticínios,2023-11,194779.82,5.77,11238.8,2.0
U006,Frios e Laticínios,2023-12,172113.29,5.02,8640.09,2.0
U006,Frios e Laticínios,2024-01,173348.47,4.91,8511.41,2.0
U006,Frios e Laticínios,2024-02,195467.64,4.02,7857.8,2.0
U006,Frios e Laticínios,2024-03,155094.54,4.16,6451.93,2.0
U006,Frios e Laticínios,2024-04,158594.99,3.85,6105.91,2.0
U006,Frios e Laticínios,2024-05,147260.93,4.61,6788.73,2.0
U006,Frios e Laticínios,2024-06,181661.17,3.56,6467.14,2.0
U006,Frios e Laticínios,2024-07,146623.92,3.53,5175.82,2.0
U006,Frios e Laticínios,2024-08,175361.96,3.84,6733.9,2.0
U006,Frios e Laticínios,2024-09,181850.33,3.59,6528.43,2.0
U006,Frios e Laticínios,2024-10,190432.77,2.99,5693.94,2.0
U006,Frios e Laticínios,2024-11,148037.35,3.45,5107.29,2.0
U006,Frios e Laticínios,2024-12,171099.01,2.73,4671.0,2.0
U006,Frios e Laticínios,2025-01,160094.89,2.91,4658.76,2.0
U006,Frios e Laticínios,2025-02,166576.31,2.44,4064.46,2.0
U006,Frios e Laticínios,2025-03,176150.34,2.31,4069.07,2.0
U006,Frios e Laticínios,2025-04,153285.63,2.69,4123.38,2.0
U006,Frios e Laticínios,2025-05,184109.75,2.31,4252.94,2.0
U006,Frios e Laticínios,2025-06,188195.0,1.89,3556.89,2.0
U006,Mercearia,2023-06,165706.87,2.26,3744.98,2.0
U006,Mercearia,2023-07,188900.02,1.9,3589.1,2.0
U006,Mercearia,2023-08,166061.15,1.91,3171.77,2.0
U006,Mercearia,2023-09,185669.51,2.08,3861.93,2.0
U006,Mercearia,2023-10,158076.54,1.7,2687.3,2.0
U006,Mercearia,2023-11,168115.64,1.64,2757.1,2.0
U006,Mercearia,2023-12,187082.32,1.92,3591.98,2.0
U006,Mercearia,2024-01,187630.79,1.82,3414.88,2.0
U006,Mercearia,2024-02,148468.45,1.73,2568.5,2.0
U006,Mercearia,2024-03,194975.71,1.52,2963.63,2.0
U006,Mercearia,2024-04,158534.63,1.65,2615.82,2.0
U006,Mercearia,2024-05,178252.62,1.37,2442.06,2.0
U006,Mercearia,2024-06,173012.49,1.3,2249.16,2.0
U006,Mercearia,2024-07,167984.94,1.13,1898.23,2.0
U006,Mercearia,2024-08,146785.44,1.24,1820.14,2.0
U006,Mercearia,2024-09,195584.37,1.06,2073.19,2.0
U006,Mercearia,2024-10,193899.5,1.23,2384.96,2.0
U006,Mercearia,2024-11,187333.81,1.12,2098.14,2.0
U006,Mercearia,2024-12,191210.17,1.14,2179.8,2.0
U006,Mercearia,2025-01,178709.54,0.84,1501.16,2.0
U006,Mercearia,2025-02,180605.43,0.85,1535.15,2.0
U006,Mercearia,2025-03,173601.66,0.8,1388.81,2.0
U006,Mercearia,2025-04,177664.69,0.91,1616.75,2.0
U006,Mercearia,2025-05,172472.83,0.7,1207.31,2.0
U006,Mercearia,2025-06,194615.96,0.69,1342.85,2.0
U006,Bebidas,2023-06,161421.18,1.4,2259.9,2.0
U006,Bebidas,2023-07,151905.32,1.52,2308.96,2.0
U006,Bebidas,2023-08,194884.36,1.46,2845.31,2.0
U006,Bebidas,2023-09,159518.31,1.38,2201.35,2.0
U006,Bebidas,2023-10,173168.48,1.32,2285.82,2.0
U006,Bebidas,2023-11,152087.32,1.16,1764.21,2.0
U006,Bebidas,2023-12,160813.69,1.12,1801.11,2.0
U006,Bebidas,2024-01,160541.51,1.18,1894.39,2.0
U006,Bebidas,2024-02,150232.14,1.08,1622.51,2.0
U006,Bebidas,2024-03,188901.29,1.15,2172.36,2.0
U006,Bebidas,2024-04,175037.79,1.13,1977.93,2.0
U006,Bebidas,2024-05,156061.3,1.1,1716.67,2.0
U006,Bebidas,2024-06,169416.86,1.08,1829.7,2.0
U006,Bebidas,2024-07,177229.7,0.99,1754.57,2.0
U006,Bebidas,2024-08,161683.09,0.92,1487.48,2.0
U006,Bebidas,2024-09,157109.86,0.82,1288.3,2.0
U006,Bebidas,2024-10,165420.26,0.85,1406.07,2.0
U006,Bebidas,2024-11,146325.16,0.83,1214.5,2.0
U006,Bebidas,2024-12,190038.78,0.73,1387.28,2.0
U006,Bebidas,2025-01,174342.16,0.67,1168.09,2.0
U006,Bebidas,2025-02,160362.17,0.69,1106.5,2.0
U006,Bebidas,2025-03,160911.65,0.74,1190.75,2.0
U006,Bebidas,2025-04,153869.14,0.66,1015.54,2.0
U006,Bebidas,2025-05,190522.61,0.49,933.56,2.0
U006,Bebidas,2025-06,148903.72,0.52,774.3,2.0
U006,Congelados,2023-06,168337.57,2.9,4881.79,2.0
U006,Congelados,2023-07,151332.56,3.12,4721.58,2.0
U006,Congelados,2023-08,195049.96,2.6,5071.3,2.0
U006,Congelados,2023-09,153661.11,2.95,4533.0,2.0
U006,Congelados,2023-10,163840.5,2.54,4161.55,2.0
U006,Congelados,2023-11,177409.54,2.73,4843.28,2.0
U006,Congelados,2023-12,187947.1,2.78,5224.93,2.0
U006,Congelados,2024-01,183708.0,2.44,4482.48,2.0
U006,Congelados,2024-02,184784.27,2.52,4656.56,2.0
U006,Congelados,2024-03,186082.74,2.25,4186.86,2.0
U006,Congelados,2024-04,192756.24,2.32,4471.94,2.0
U006,Congelados,2024-05,190499.62,1.87,3562.34,2.0
U006,Congelados,2024-06,185091.98,1.72,3183.58,2.0
U006,Congelados,2024-07,171319.71,1.99,3409.26,2.0
U006,Congelados,2024-08,175129.32,2.12,3712.74,2.0
U006,Congelados,2024-09,186018.14,1.74,3236.72,2.0
U006,Congelados,2024-10,176948.59,1.89,3344.33,2.0
U006,Congelados,2024-11,168974.57,1.56,2636.0,2.0
U006,Congelados,2024-12,182900.27,1.52,2780.08,2.0
U006,Congelados,2025-01,165806.63,1.37,2271.55,2.0
U006,Congelados,2025-02,165488.62,1.4,2316.84,2.0
U006,Congelados,2025-03,186192.58,1.22,2271.55,2.0
U006,Congelados,2025-04,171405.42,1.34,2296.83,2.0
U006,Congelados,2025-05,155188.02,1.11,1722.59,2.0
U006,Congelados,2025-06,153170.95,0.99,1516.39,2.0
U007,Hortifruti,2023-06,351248.47,9.2,32314.86,2.0
U007,Hortifruti,2023-07,386073.78,7.67,29611.86,2.0
U007,Hortifruti,2023-08,378177.25,8.06,30481.09,2.0
U007,Hortifruti,2023-09,390044.22,9.11,35533.03,2.0
U007,Hortifruti,2023-10,335291.72,7.31,24509.82,2.0
U007,Hortifruti,2023-11,292528.35,8.74,25566.98,2.0
U007,Hortifruti,2023-12,349536.14,6.51,22754.8,2.0
U007,Hortifruti,2024-01,386089.22,7.29,28145.9,2.0
U007,Hortifruti,2024-02,346817.1,7.63,26462.14,2.0
U007,Hortifruti,2024-03,344651.79,7.82,26951.77,2.0
U007,Hortifruti,2024-04,361909.15,6.6,23886.0,2.0
U007,Hortifruti,2024-05,328221.81,6.11,20054.35,2.0
U007,Hortifruti,2024-06,327542.41,6.25,20471.4,2.0
U007,Hortifruti,2024-07,361009.08,6.61,23862.7,2.0
U007,Hortifruti,2024-08,301607.96,5.63,16980.53,2.0
U007,Hortifruti,2024-09,332663.35,5.14,17098.9,2.0
U007,Hortifruti,2024-10,350474.21,5.19,18189.61,2.0
U007,Hortifruti,2024-11,390631.3,5.41,21133.15,2.0
U007,Hortifruti,2024-12,336702.52,4.59,15454.65,2.0
U007,Hortifruti,2025-01,393887.07,4.53,17843.08,2.0
U007,Hortifruti,2025-02,345957.13,3.93,13596.12,2.0
U007,Hortifruti,2025-03,308988.58,4.25,13132.01,2.0
U007,Hortifruti,2025-04,392066.75,3.44,13487.1,2.0
U007,Hortifruti,2025-05,344152.49,3.73,12836.89,2.0
U007,Hortifruti,2025-06,383435.42,2.78,10659.5,2.0
U007,Açougue,2023-06,375828.48,6.87,25819.42,2.0
U007,Açougue,2023-07,382780.48,7.25,27751.58,2.0
U007,Açougue,2023-08,307515.39,6.0,18450.92,2.0
U007,Açougue,2023-09,344050.92,5.6,19266.85,2.0
U007,Açougue,2023-10,310776.84,5.8,18025.06,2.0
U007,Açougue,2023-11,356238.67,5.08,18096.92,2.0
U007,Açougue,2023-12,327756.09,5.61,18387.12,2.0
U007,Açougue,2024-01,356898.42,6.05,21592.35,2.0
U007,Açougue,2024-02,333745.81,4.39,14651.44,2.0
U007,Açougue,2024-03,322979.02,5.34,17247.08,2.0
U007,Açougue,2024-04,291831.06,5.01,14620.74,2.0
U007,Açougue,2024-05,378050.53,4.3,16256.17,2.0
U007,Açougue,2024-06,360148.09,4.5,16206.66,2.0
U007,Açougue,2024-07,342637.16,3.83,13123.0,2.0
U007,Açougue,2024-08,318790.48,4.1,13070.41,2.0
U007,Açougue,2024-09,346095.98,4.03,13947.67,2.0
U007,Açougue,2024-10,350516.68,4.23,14826.86,2.0
U007,Açougue,2024-11,303925.85,3.41,10363.87,2.0
U007,Açougue,2024-12,369548.15,2.99,11049.49,2.0
U007,Açougue,2025-01,301724.94,2.78,8387.95,2.0
U007,Açougue,2025-02,345170.93,2.68,9250.58,2.0
U007,Açougue,2025-03,354480.44,3.07,10882.55,2.0
U007,Açougue,2025-04,297817.57,2.87,8547.36,2.0
U007,Açougue,2025-05,370688.33,2.09,7747.39,2.0
U007,Açougue,2025-06,365018.51,2.15,7847.9,2.0
U007,Padaria,2023-06,308854.08,7.17,22144.84,2.0
U007,Padaria,2023-07,301658.3,6.79,20482.6,2.0
U007,Padaria,2023-08,351318.0,7.95,27929.78,2.0
U007,Padaria,2023-09,337697.67,6.58,22220.51,2.0
U007,Padaria,2023-10,297052.68,6.46,19189.6,2.0
U007,Padaria,2023-11,351359.53,7.24,25438.43,2.0
U007,Padaria,2023-12,336648.8,7.15,24070.39,2.0
U007,Padaria,2024-01,317073.88,6.3,19975.65,2.0
U007,Padaria,2024-02,387170.39,5.07,19629.54,2.0
U007,Padaria,2024-03,323807.33,6.28,20335.1,2.0
U007,Padaria,2024-04,375349.59,6.12,22971.39,2.0
U007,Padaria,2024-05,353405.4,4.96,17528.91,2.0
U007,Padaria,2024-06,342399.62,5.76,19722.22,2.0
U007,Padaria,2024-07,316415.44,5.51,17434.49,2.0
U007,Padaria,2024-08,365327.91,4.5,16439.76,2.0
U007,Padaria,2024-09,323227.67,4.08,13187.69,2.0
U007,Padaria,2024-10,341251.5,4.73,16141.2,2.0
U007,Padaria,2024-11,316463.07,4.4,13924.38,2.0
U007,Padaria,2024-12,328292.17,3.47,11391.74,2.0
U007,Padaria,2025-01,391359.17,3.3,12914.85,2.0
U007,Padaria,2025-02,349186.36,3.22,11243.8,2.0
U007,Padaria,2025-03,346328.62,2.86,9905.0,2.0
U007,Padaria,2025-04,332900.17,2.93,9753.97,2.0
U007,Padaria,2025-05,304109.74,2.46,7481.1,2.0
U007,Padaria,2025-06,327556.89,2.88,9433.64,2.0
U007,Frios e Laticínios,2023-06,311094.39,5.54,17234.63,2.0
U007,Frios e Laticínios,2023-07,315823.68,5.46,17243.97,2.0
U007,Frios e Laticínios,2023-08,359753.94,4.88,17555.99,2.0
U007,Frios e Laticínios,2023-09,307463.32,5.25,16141.82,2.0
U007,Frios e Laticínios,2023-10,300956.36,5.68,17094.32,2.0
U007,Frios e Laticínios,2023-11,377315.1,4.83,18224.32,2.0
U007,Frios e Laticínios,2023-12,337026.04,4.46,15031.36,2.0
U007,Frios e Laticínios,2024-01,374222.36,5.35,20020.9,2.0
U007,Frios e Laticínios,2024-02,327728.78,4.22,13830.15,2.0
U007,Frios e Laticínios,2024-03,330194.77,4.84,15981.43,2.0
U007,Frios e Laticínios,2024-04,312828.92,4.98,15578.88,2.0
U007,Frios e Laticínios,2024-05,343353.91,4.78,16412.32,2.0
U007,Frios e Laticínios,2024-06,337991.19,3.72,12573.27,2.0
U007,Frios e Laticínios,2024-07,364094.38,3.46,12597.67,2.0
U007,Frios e Laticínios,2024-08,383960.64,3.46,13285.04,2.0
U007,Frios e Laticínios,2024-09,329279.56,3.66,12051.63,2.0
U007,Frios e Laticínios,2024-10,353986.66,3.14,11115.18,2.0
U007,Frios e Laticínios,2024-11,381160.16,2.96,11282.34,2.0
U007,Frios e Laticínios,2024-12,344197.17,2.73,9396.58,2.0
U007,Frios e Laticínios,2025-01,319242.08,2.95,9417.64,2.0
U007,Frios e Laticínios,2025-02,331009.81,2.97,9830.99,2.0
U007,Frios e Laticínios,2025-03,349818.61,2.71,9480.08,2.0
U007,Frios e Laticínios,2025-04,331536.15,2.29,7592.18,2.0
U007,Frios e Laticínios,2025-05,309639.14,1.98,6130.85,2.0
U007,Frios e Laticínios,2025-06,324449.54,2.32,7527.23,2.0
U007,Mercearia,2023-06,302636.02,2.1,6355.36,2.0
U007,Mercearia,2023-07,328609.6,1.98,6506.47,2.0
U007,Mercearia,2023-08,321972.89,1.89,6085.29,2.0
U007,Mercearia,2023-09,323445.18,1.6,5175.12,2.0
U007,Mercearia,2023-10,304402.21,1.64,4992.2,2.0
U007,Mercearia,2023-11,320471.73,1.84,5896.68,2.0
U007,Mercearia,2023-12,384917.79,1.63,6274.16,2.0
U007,Mercearia,2024-01,382226.33,1.75,6688.96,2.0
U007,Mercearia,2024-02,305022.98,1.74,5307.4,2.0
U007,Mercearia,2024-03,294470.48,1.41,4152.03,2.0
U007,Mercearia,2024-04,359685.65,1.54,5539.16,2.0
U007,Mercearia,2024-05,333864.41,1.34,4473.78,2.0
U007,Mercearia,2024-06,363351.29,1.41,5123.25,2.0
U007,Mercearia,2024-07,378519.19,1.2,4542.23,2.0
U007,Mercearia,2024-08,356107.94,1.19,4237.68,2.0
U007,Mercearia,2024-09,303280.98,1.07,3245.11,2.0
U007,Mercearia,2024-10,366931.21,1.27,4660.03,2.0
U007,Mercearia,2024-11,295589.33,1.15,3399.28,2.0
U007,Mercearia,2024-12,308092.78,0.88,2711.22,2.0
U007,Mercearia,2025-01,322602.11,0.88,2838.9,2.0
U007,Mercearia,2025-02,295464.05,0.88,2600.08,2.0
U007,Mercearia,2025-03,357083.82,0.81,2892.38,2.0
U007,Mercearia,2025-04,377773.58,0.73,2757.75,2.0
U007,Mercearia,2025-05,365139.51,0.77,2811.57,2.0
U007,Mercearia,2025-06,336164.47,0.65,2185.07,2.0
U007,Bebidas,2023-06,327329.74,1.58,5171.81,2.0
U007,Bebidas,2023-07,377239.67,1.24,4677.77,2.0
U007,Bebidas,2023-08,320880.18,1.54,4941.55,2.0
U007,Bebidas,2023-09,379283.75,1.19,4513.48,2.0
U007,Bebidas,2023-10,296298.53,1.38,4088.92,2.0
U007,Bebidas,2023-11,302864.98,1.2,3634.38,2.0
U007,Bebidas,2023-12,313042.89,1.37,4288.69,2.0
U007,Bebidas,2024-01,368522.57,1.37,5048.76,2.0
U007,Bebidas,2024-02,362881.07,1.03,3737.68,2.0
U007,Bebidas,2024-03,368320.68,1.1,4051.53,2.0
U007,Bebidas,2024-04,320348.47,1.2,3844.18,2.0
U007,Bebidas,2024-05,388768.61,0.92,3576.67,2.0
U007,Bebidas,2024-06,387107.18,0.99,3832.36,2.0
U007,Bebidas,2024-07,367399.96,1.03,3784.22,2.0
U007,Bebidas,2024-08,356033.26,1.02,3631.54,2.0
U007,Bebidas,2024-09,297013.78,0.88,2613.72,2.0
U007,Bebidas,2024-10,335487.47,0.9,3019.39,2.0
U007,Bebidas,2024-11,386893.36,0.81,3133.84,2.0
U007,Bebidas,2024-12,369797.72,0.68,2514.62,2.0
U007,Bebidas,2025-01,363710.38,0.63,2291.38,2.0
U007,Bebidas,2025-02,318294.6,0.75,2387.21,2.0
U007,Bebidas,2025-03,391139.76,0.66,2581.52,2.0
U007,Bebidas,2025-04,347375.82,0.63,2188.47,2.0
U007,Bebidas,2025-05,297536.55,0.52,1547.19,2.0
U007,Bebidas,2025-06,333768.48,0.5,1668.84,2.0
U007,Congelados,2023-06,323371.14,2.73,8828.03,2.0
U007,Congelados,2023-07,364145.78,2.6,9467.79,2.0
U007,Congelados,2023-08,315895.47,2.98,9413.69,2.0
U007,Congelados,2023-09,344439.24,2.54,8748.76,2.0
U007,Congelados,2023-10,387686.76,2.63,10196.16,2.0
U007,Congelados,2023-11,322221.15,2.48,7991.08,2.0
U007,Congelados,2023-12,306022.77,2.8,8568.64,2.0
U007,Congelados,2024-01,325738.8,2.48,8078.32,2.0
U007,Congelados,2024-02,347821.05,2.57,8939.0,2.0
U007,Congelados,2024-03,308833.16,2.45,7566.41,2.0
U007,Congelados,2024-04,353007.42,2.3,8119.17,2.0
U007,Congelados,2024-05,370233.5,2.08,7700.86,2.0
U007,Congelados,2024-06,303203.48,2.23,6761.44,2.0
U007,Congelados,2024-07,328506.6,1.82,5978.82,2.0
U007,Congelados,2024-08,297634.13,1.7,5059.78,2.0
U007,Congelados,2024-09,311703.06,1.66,5174.27,2.0
U007,Congelados,2024-10,337510.44,1.8,6075.19,2.0
U007,Congelados,2024-11,324802.7,1.43,4644.68,2.0
U007,Congelados,2024-12,328763.23,1.52,4997.2,2.0
U007,Congelados,2025-01,298815.6,1.31,3914.48,2.0
U007,Congelados,2025-02,393476.02,1.17,4603.67,2.0
U007,Congelados,2025-03,300065.67,1.39,4170.91,2.0
U007,Congelados,2025-04,392250.86,1.29,5060.04,2.0
U007,Congelados,2025-05,302619.68,1.15,3480.13,2.0
U007,Congelados,2025-06,336093.29,1.05,3528.98,2.0
U008,Hortifruti,2023-06,173643.69,8.16,14169.33,2.0
U008,Hortifruti,2023-07,193005.77,7.46,14398.23,2.0
U008,Hortifruti,2023-08,177998.28,8.88,15806.25,2.0
U008,Hortifruti,2023-09,179276.77,9.35,16762.38,2.0
U008,Hortifruti,2023-10,158365.12,7.43,11766.53,2.0
U008,Hortifruti,2023-11,147137.24,6.94,10211.32,2.0
U008,Hortifruti,2023-12,188892.62,8.16,15413.64,2.0
U008,Hortifruti,2024-01,155266.36,6.85,10635.75,2.0
U008,Hortifruti,2024-02,189208.68,7.34,13887.92,2.0
U008,Hortifruti,2024-03,154377.9,7.68,11856.22,2.0
U008,Hortifruti,2024-04,188420.26,7.12,13415.52,2.0
U008,Hortifruti,2024-05,162514.64,6.78,11018.49,2.0
U008,Hortifruti,2024-06,188159.66,5.5,10348.78,2.0
U008,Hortifruti,2024-07,164667.04,5.52,9089.62,2.0
U008,Hortifruti,2024-08,164705.62,5.67,9338.81,2.0
U008,Hortifruti,2024-09,158025.24,5.88,9291.88,2.0
U008,Hortifruti,2024-10,174867.57,4.4,7694.17,2.0
U008,Hortifruti,2024-11,187872.05,5.04,9468.75,2.0
U008,Hortifruti,2024-12,192267.21,4.9,9421.09,2.0
U008,Hortifruti,2025-01,171139.53,4.95,8471.41,2.0
U008,Hortifruti,2025-02,153813.38,4.12,6337.11,2.0
U008,Hortifruti,2025-03,175600.26,3.65,6409.41,2.0
U008,Hortifruti,2025-04,181096.32,3.18,5758.86,2.0
U008,Hortifruti,2025-05,168506.83,3.05,5139.46,2.0
U008,Hortifruti,2025-06,150325.43,3.59,5396.68,2.0
U008,Açougue,2023-06,168317.28,5.6,9425.77,2.0
U008,Açougue,2023-07,182894.59,5.74,10498.15,2.0
U008,Açougue,2023-08,188956.62,5.23,9882.43,2.0
U008,Açougue,2023-09,186184.42,6.61,12306.79,2.0
U008,Açougue,2023-10,160281.78,5.67,9087.98,2.0
U008,Açougue,2023-11,172180.56,5.89,10141.43,2.0
U008,Açougue,2023-12,163131.53,5.32,8678.6,2.0
U008,Açougue,2024-01,179971.07,5.17,9304.5,2.0
U008,Açougue,2024-02,192205.68,5.59,10744.3,2.0
U008,Açougue,2024-03,160923.79,4.42,7112.83,2.0
U008,Açougue,2024-04,174687.78,4.66,8140.45,2.0
U008,Açougue,2024-05,155764.24,4.36,6791.32,2.0
U008,Açougue,2024-06,162361.44,3.84,6234.68,2.0
U008,Açougue,2024-07,195666.64,4.16,8139.73,2.0
U008,Açougue,2024-08,190221.52,4.53,8617.03,2.0
U008,Açougue,2024-09,195179.21,4.41,8607.4,2.0
U008,Açougue,2024-10,187430.47,3.82,7159.84,2.0
U008,Açougue,2024-11,180502.94,3.04,5487.29,2.0
U008,Açougue,2024-12,160990.56,3.44,5538.08,2.0
U008,Açougue,2025-01,194715.95,3.22,6269.85,2.0
U008,Açougue,2025-02,179006.97,2.96,5298.61,2.0
U008,Açougue,2025-03,163375.31,2.63,4296.77,2.0
U008,Açougue,2025-04,147146.14,2.93,4311.38,2.0
U008,Açougue,2025-05,180618.02,2.22,4009.72,2.0
U008,Açougue,2025-06,150096.34,2.24,3362.16,2.0
U008,Padaria,2023-06,164846.22,7.86,12956.91,2.0
U008,Padaria,2023-07,167127.95,7.47,12484.46,2.0
U008,Padaria,2023-08,174761.91,7.16,12512.95,2.0
U008,Padaria,2023-09,151590.18,6.68,10126.22,2.0
U008,Padaria,2023-10,191485.37,6.05,11584.86,2.0
U008,Padaria,2023-11,151488.26,6.58,9967.93,2.0
U008,Padaria,2023-12,158750.89,6.96,11049.06,2.0
U008,Padaria,2024-01,173011.33,5.34,9238.81,2.0
U008,Padaria,2024-02,170877.12,5.44,9295.72,2.0
U008,Padaria,2024-03,157365.65,5.76,9064.26,2.0
U008,Padaria,2024-04,151526.63,5.59,8470.34,2.0
U008,Padaria,2024-05,175977.73,5.29,9309.22,2.0
U008,Padaria,2024-06,166698.49,4.42,7368.07,2.0
U008,Padaria,2024-07,168318.55,4.24,7136.71,2.0
U008,Padaria,2024-08,174028.94,5.16,8979.89,2.0
U008,Padaria,2024-09,184640.6,4.74,8751.96,2.0
U008,Padaria,2024-10,196662.39,3.76,7394.51,2.0
U008,Padaria,2024-11,150964.79,4.32,6521.68,2.0
U008,Padaria,2024-12,165872.37,4.22,6999.81,2.0
U008,Padaria,2025-01,195087.43,3.28,6398.87,2.0
U008,Padaria,2025-02,185570.4,3.5,6494.96,2.0
U008,Padaria,2025-03,185631.29,2.88,5346.18,2.0
U008,Padaria,2025-04,157897.83,2.63,4152.71,2.0
U008,Padaria,2025-05,146494.51,2.72,3984.65,2.0
U008,Padaria,2025-06,156675.45,2.7,4230.24,2.0
U008,Frios e Laticínios,2023-06,182096.22,5.64,10270.23,2.0
U008,Frios e Laticínios,2023-07,191415.13,5.71,10929.8,2.0
U008,Frios e Laticínios,2023-08,190566.43,5.88,11205.31,2.0
U008,Frios e Laticínios,2023-09,192900.25,5.62,10840.99,2.0
U008,Frios e Laticínios,2023-10,154354.55,5.95,9184.1,2.0
U008,Frios e Laticínios,2023-11,163271.76,5.57,9094.24,2.0
U008,Frios e Laticínios,2023-12,180712.44,5.42,9794.61,2.0
U008,Frios e Laticínios,2024-01,152025.72,5.34,8118.17,2.0
U008,Frios e Laticínios,2024-02,183629.97,4.52,8300.07,2.0
U008,Frios e Laticínios,2024-03,182834.35,5.15,9415.97,2.0
U008,Frios e Laticínios,2024-04,176766.58,3.78,6681.78,2.0
U008,Frios e Laticínios,2024-05,173939.98,3.71,6453.17,2.0
U008,Frios e Laticínios,2024-06,151524.14,4.42,6697.37,2.0
U008,Frios e Laticínios,2024-07,180439.77,4.38,7903.26,2.0
U008,Frios e Laticínios,2024-08,155647.61,3.45,5369.84,2.0
U008,Frios e Laticínios,2024-09,188819.78,3.51,6627.57,2.0
U008,Frios e Laticínios,2024-10,151555.35,3.48,5274.13,2.0
U008,Frios e Laticínios,2024-11,151392.88,2.77,4193.58,2.0
U008,Frios e Laticínios,2024-12,155242.4,3.35,5200.62,2.0
U008,Frios e Laticínios,2025-01,160630.37,2.96,4754.66,2.0
U008,Frios e Laticínios,2025-02,165299.36,2.9,4793.68,2.0
U008,Frios e Laticínios,2025-03,190735.03,2.31,4405.98,2.0
U008,Frios e Laticínios,2025-04,181175.31,2.45,4438.8,2.0
U008,Frios e Laticínios,2025-05,194507.99,2.47,4804.35,2.0
U008,Frios e Laticínios,2025-06,163321.78,1.79,2923.46,2.0
U008,Mercearia,2023-06,171519.85,1.79,3070.21,2.0
U008,Mercearia,2023-07,186880.51,2.16,4036.62,2.0
U008,Mercearia,2023-08,155088.95,1.63,2527.95,2.0
U008,Mercearia,2023-09,180660.63,2.01,3631.28,2.0
U008,Mercearia,2023-10,170181.79,1.73,2944.14,2.0
U008,Mercearia,2023-11,189177.18,1.55,2932.25,2.0
U008,Mercearia,2023-12,190612.48,1.62,3087.92,2.0
U008,Mercearia,2024-01,149616.87,1.67,2498.6,2.0
U008,Mercearia,2024-02,156839.02,1.49,2336.9,2.0
U008,Mercearia,2024-03,176017.2,1.69,2974.69,2.0
U008,Mercearia,2024-04,154443.14,1.26,1945.98,2.0
U008,Mercearia,2024-05,169770.51,1.35,2291.9,2.0
U008,Mercearia,2024-06,165662.47,1.38,2286.14,2.0
U008,Mercearia,2024-07,146022.24,1.24,1810.68,2.0
U008,Mercearia,2024-08,162880.09,1.27,2068.58,2.0
U008,Mercearia,2024-09,169340.97,1.02,1727.28,2.0
U008,Mercearia,2024-10,148048.19,1.3,1924.63,2.0
U008,Mercearia,2024-11,180221.52,0.96,1730.13,2.0
U008,Mercearia,2024-12,159771.67,0.96,1533.81,2.0
U008,Mercearia,2025-01,159192.05,0.97,1544.16,2.0
U008,Mercearia,2025-02,172876.21,0.94,1625.04,2.0
U008,Mercearia,2025-03,196740.82,0.98,1928.06,2.0
U008,Mercearia,2025-04,174546.61,0.7,1221.83,2.0
U008,Mercearia,2025-05,190579.68,0.82,1562.75,2.0
U008,Mercearia,2025-06,178273.81,0.76,1354.88,2.0
U008,Bebidas,2023-06,164378.25,1.56,2564.3,2.0
U008,Bebidas,2023-07,186616.22,1.36,2537.98,2.0
U008,Bebidas,2023-08,193987.39,1.58,3065.0,2.0
U008,Bebidas,2023-09,161348.36,1.45,2339.55,2.0
U008,Bebidas,2023-10,183747.37,1.44,2645.96,2.0
U008,Bebidas,2023-11,178382.21,1.3,2318.97,2.0
U008,Bebidas,2023-12,174038.07,1.2,2088.46,2.0
U008,Bebidas,2024-01,148823.09,1.18,1756.11,2.0
U008,Bebidas,2024-02,162336.0,1.12,1818.16,2.0
U008,Bebidas,2024-03,170475.4,1.3,2216.18,2.0
U008,Bebidas,2024-04,158233.13,1.05,1661.45,2.0
U008,Bebidas,2024-05,163674.99,0.97,1587.65,2.0
U008,Bebidas,2024-06,146086.24,0.9,1314.78,2.0
U008,Bebidas,2024-07,169017.95,1.08,1825.39,2.0
U008,Bebidas,2024-08,174963.1,0.92,1609.66,2.0
U008,Bebidas,2024-09,154401.56,0.84,1296.97,2.0
U008,Bebidas,2024-10,161219.46,0.74,1193.02,2.0
U008,Bebidas,2024-11,183085.11,0.76,1391.45,2.0
U008,Bebidas,2024-12,193924.95,0.78,1512.61,2.0
U008,Bebidas,2025-01,193091.54,0.69,1332.33,2.0
U008,Bebidas,2025-02,149830.22,0.7,1048.81,2.0
U008,Bebidas,2025-03,175567.57,0.58,1018.29,2.0
U008,Bebidas,2025-04,164073.09,0.69,1132.1,2.0
U008,Bebidas,2025-05,167739.59,0.61,1023.21,2.0
U008,Bebidas,2025-06,149198.42,0.58,865.35,2.0
U008,Congelados,2023-06,191954.01,2.99,5739.42,2.0
U008,Congelados,2023-07,158959.16,2.72,4323.69,2.0
U008,Congelados,2023-08,154177.63,2.43,3746.52,2.0
U008,Congelados,2023-09,181940.32,2.56,4657.67,2.0
U008,Congelados,2023-10,166263.78,2.45,4073.46,2.0
U008,Congelados,2023-11,176720.69,2.36,4170.61,2.0
U008,Congelados,2023-12,179044.83,2.79,4995.35,2.0
U008,Congelados,2024-01,183457.17,2.21,4054.4,2.0
U008,Congelados,2024-02,176623.97,2.68,4733.52,2.0
U008,Congelados,2024-03,187344.18,1.98,3709.41,2.0
U008,Congelados,2024-04,163259.68,2.43,3967.21,2.0
U008,Congelados,2024-05,155391.96,1.88,2921.37,2.0
U008,Congelados,2024-06,190737.02,2.05,3910.11,2.0
U008,Congelados,2024-07,193177.09,2.03,3921.49,2.0
U008,Congelados,2024-08,162518.58,1.7,2762.82,2.0
U008,Congelados,2024-09,179087.99,1.91,3420.58,2.0
U008,Congelados,2024-10,180632.42,1.65,2980.43,2.0
U008,Congelados,2024-11,148668.76,1.54,2289.5,2.0
U008,Congelados,2024-12,148052.44,1.5,2220.79,2.0
U008,Congelados,2025-01,162918.16,1.51,2460.06,2.0
U008,Congelados,2025-02,176460.7,1.37,2417.51,2.0
U008,Congelados,2025-03,169545.16,1.2,2034.54,2.0
U008,Congelados,2025-04,193300.58,1.04,2010.33,2.0
U008,Congelados,2025-05,196501.27,1.15,2259.76,2.0
U008,Congelados,2025-06,177289.76,0.91,1613.34,2.0
U009,Hortifruti,2023-06,243964.24,9.61,23444.96,2.0
U009,Hortifruti,2023-07,230620.49,7.69,17734.72,2.0
U009,Hortifruti,2023-08,277754.52,7.6,21109.34,2.0
U009,Hortifruti,2023-09,281367.05,7.25,20399.11,2.0
U009,Hortifruti,2023-10,260125.27,7.84,20393.82,2.0
U009,Hortifruti,2023-11,261385.31,7.99,20884.69,2.0
U009,Hortifruti,2023-12,264978.19,7.89,20906.78,2.0
U009,Hortifruti,2024-01,275740.69,6.92,19081.26,2.0
U009,Hortifruti,2024-02,273453.04,6.54,17883.83,2.0
U009,Hortifruti,2024-03,278433.64,7.34,20437.03,2.0
U009,Hortifruti,2024-04,278172.46,6.19,17218.88,2.0
U009,Hortifruti,2024-05,253529.56,7.22,18304.83,2.0
U009,Hortifruti,2024-06,258942.01,5.67,14682.01,2.0
U009,Hortifruti,2024-07,228743.84,6.6,15097.09,2.0
U009,Hortifruti,2024-08,255273.19,4.76,12151.0,2.0
U009,Hortifruti,2024-09,278292.64,5.59,15556.56,2.0
U009,Hortifruti,2024-10,294906.23,4.89,14420.91,2.0
U009,Hortifruti,2024-11,276936.81,4.46,12351.38,2.0
U009,Hortifruti,2024-12,220727.67,4.05,8939.47,2.0
U009,Hortifruti,2025-01,223212.83,3.89,8682.98,2.0
U009,Hortifruti,2025-02,261404.83,4.13,10796.02,2.0
U009,Hortifruti,2025-03,291066.23,3.51,10216.42,2.0
U009,Hortifruti,2025-04,230090.04,3.49,8030.14,2.0
U009,Hortifruti,2025-05,275483.33,3.07,8457.34,2.0
U009,Hortifruti,2025-06,231074.74,3.55,8203.15,2.0
U009,Açougue,2023-06,278596.69,5.58,15545.7,2.0
U009,Açougue,2023-07,294351.26,5.84,17190.11,2.0
U009,Açougue,2023-08,267643.97,6.15,16460.1,2.0
U009,Açougue,2023-09,280326.94,5.69,15950.6,2.0
U009,Açougue,2023-10,243552.74,5.73,13955.57,2.0
U009,Açougue,2023-11,226887.76,6.3,14293.93,2.0
U009,Açougue,2023-12,223619.57,5.82,13014.66,2.0
U009,Açougue,2024-01,249571.57,5.5,13726.44,2.0
U009,Açougue,2024-02,223198.88,5.65,12610.74,2.0
U009,Açougue,2024-03,250194.4,5.01,12534.74,2.0
U009,Açougue,2024-04,291467.62,5.34,15564.37,2.0
U009,Açougue,2024-05,235857.81,4.74,11179.66,2.0
U009,Açougue,2024-06,238807.6,4.06,9695.59,2.0
U009,Açougue,2024-07,236420.79,4.13,9764.18,2.0
U009,Açougue,2024-08,277135.77,3.68,10198.6,2.0
U009,Açougue,2024-09,241595.51,4.02,9712.14,2.0
U009,Açougue,2024-10,235281.29,4.23,9952.4,2.0
U009,Açougue,2024-11,230661.53,3.58,8257.68,2.0
U009,Açougue,2024-12,285628.98,3.69,10539.71,2.0
U009,Açougue,2025-01,276547.34,2.93,8102.84,2.0
U009,Açougue,2025-02,240369.37,3.27,7860.08,2.0
U009,Açougue,2025-03,256028.25,2.66,6810.35,2.0
U009,Açougue,2025-04,231037.54,2.94,6792.5,2.0
U009,Açougue,2025-05,264671.39,2.59,6854.99,2.0
U009,Açougue,2025-06,263254.44,2.24,5896.9,2.0
U009,Padaria,2023-06,234757.4,8.36,19625.72,2.0
U009,Padaria,2023-07,246370.97,8.14,20054.6,2.0
U009,Padaria,2023-08,285172.56,7.69,21929.77,2.0
U009,Padaria,2023-09,285220.31,6.23,17769.23,2.0
U009,Padaria,2023-10,241529.35,7.68,18549.45,2.0
U009,Padaria,2023-11,227177.37,5.56,12631.06,2.0
U009,Padaria,2023-12,219298.55,7.18,15745.64,2.0
U009,Padaria,2024-01,230204.77,6.83,15722.99,2.0
U009,Padaria,2024-02,226096.59,6.29,14221.48,2.0
U009,Padaria,2024-03,271242.22,5.11,13860.48,2.0
U009,Padaria,2024-04,244764.5,4.8,11748.7,2.0
U009,Padaria,2024-05,273833.23,5.93,16238.31,2.0
U009,Padaria,2024-06,294144.43,5.64,16589.75,2.0
U009,Padaria,2024-07,236670.02,4.18,9892.81,2.0
U009,Padaria,2024-08,271758.2,5.06,13750.96,2.0
U009,Padaria,2024-09,257511.68,3.84,9888.45,2.0
U009,Padaria,2024-10,251781.14,3.91,9844.64,2.0
U009,Padaria,2024-11,220109.28,3.57,7857.9,2.0
U009,Padaria,2024-12,242986.4,4.41,10715.7,2.0
U009,Padaria,2025-01,227864.34,4.05,9228.51,2.0
U009,Padaria,2025-02,229048.22,3.42,7833.45,2.0
U009,Padaria,2025-03,232378.55,3.16,7343.16,2.0
U009,Padaria,2025-04,229983.62,3.2,7359.48,2.0
U009,Padaria,2025-05,257199.08,3.03,7793.13,2.0
U009,Padaria,2025-06,245847.04,2.32,5703.65,2.0
U009,Frios e Laticínios,2023-06,289441.9,5.99,17337.57,2.0
U009,Frios e Laticínios,2023-07,235167.74,5.57,13098.84,2.0
U009,Frios e Laticínios,2023-08,286700.49,6.47,18549.52,2.0
U009,Frios e Laticínios,2023-09,239629.33,5.9,14138.13,2.0
U009,Frios e Laticínios,2023-10,238987.15,4.83,11543.08,2.0
U009,Frios e Laticínios,2023-11,221903.44,4.52,10030.04,2.0
U009,Frios e Laticínios,2023-12,250055.16,5.04,12602.78,2.0
U009,Frios e Laticínios,2024-01,246544.19,4.95,12203.94,2.0
U009,Frios e Laticínios,2024-02,271656.85,4.01,10893.44,2.0
U009,Frios e Laticínios,2024-03,260534.8,4.75,12375.4,2.0
U009,Frios e Laticínios,2024-04,271822.22,4.44,12068.91,2.0
U009,Frios e Laticínios,2024-05,285999.97,4.82,13785.2,2.0
U009,Frios e Laticínios,2024-06,249373.27,4.31,10747.99,2.0
U009,Frios e Laticínios,2024-07,250905.79,3.68,9233.33,2.0
U009,Frios e Laticínios,2024-08,248431.7,4.25,10558.35,2.0
U009,Frios e Laticínios,2024-09,250197.88,3.44,8606.81,2.0
U009,Frios e Laticínios,2024-10,295587.38,3.04,8985.86,2.0
U009,Frios e Laticínios,2024-11,265461.17,2.76,7326.73,2.0
U009,Frios e Laticínios,2024-12,238217.04,3.47,8266.13,2.0
U009,Frios e Laticínios,2025-01,247651.83,3.01,7454.32,2.0
U009,Frios e Laticínios,2025-02,233878.17,2.54,5940.51,2.0
U009,Frios e Laticínios,2025-03,283607.28,2.29,6494.61,2.0
U009,Frios e Laticínios,2025-04,288657.33,2.63,7591.69,2.0
U009,Frios e Laticínios,2025-05,272123.18,1.96,5333.61,2.0
U009,Frios e Laticínios,2025-06,268422.96,1.99,5341.62,2.0
U009,Mercearia,2023-06,242918.96,2.03,4931.25,2.0
U009,Mercearia,2023-07,218643.35,2.22,4853.88,2.0
U009,Mercearia,2023-08,284410.76,2.03,5773.54,2.0
U009,Mercearia,2023-09,264262.67,1.84,4862.43,2.0
U009,Mercearia,2023-10,236656.38,2.05,4851.46,2.0
U009,Mercearia,2023-11,275912.16,1.8,4966.42,2.0
U009,Mercearia,2023-12,273510.48,1.61,4403.52,2.0
U009,Mercearia,2024-01,259168.55,1.57,4068.95,2.0
U009,Mercearia,2024-02,270812.79,1.62,4387.17,2.0
U009,Mercearia,2024-03,267086.62,1.43,3819.34,2.0
U009,Mercearia,2024-04,235794.64,1.48,3489.76,2.0
U009,Mercearia,2024-05,239008.92,1.45,3465.63,2.0
U009,Mercearia,2024-06,255081.33,1.52,3877.24,2.0
U009,Mercearia,2024-07,258843.34,1.38,3572.04,2.0
U009,Mercearia,2024-08,235637.28,1.23,2898.34,2.0
U009,Mercearia,2024-09,290108.21,1.06,3075.15,2.0
U009,Mercearia,2024-10,258989.02,1.14,2952.47,2.0
U009,Mercearia,2024-11,281315.8,1.09,3066.34,2.0
U009,Mercearia,2024-12,231867.17,0.94,2179.55,2.0
U009,Mercearia,2025-01,254080.19,1.06,2693.25,2.0
U009,Mercearia,2025-02,282402.81,0.96,2711.07,2.0
U009,Mercearia,2025-03,285514.52,0.96,2740.94,2.0
U009,Mercearia,2025-04,247983.08,0.7,1735.88,2.0
U009,Mercearia,2025-05,281656.6,0.83,2337.75,2.0
U009,Mercearia,2025-06,230439.43,0.62,1428.72,2.0
U009,Bebidas,2023-06,226501.94,1.39,3148.38,2.0
U009,Bebidas,2023-07,280533.58,1.4,3927.47,2.0
U009,Bebidas,2023-08,253502.1,1.43,3625.08,2.0
U009,Bebidas,2023-09,249085.15,1.21,3013.93,2.0
U009,Bebidas,2023-10,272186.92,1.54,4191.68,2.0
U009,Bebidas,2023-11,255471.94,1.28,3270.04,2.0
U009,Bebidas,2023-12,277107.65,1.37,3796.37,2.0
U009,Bebidas,2024-01,271042.45,1.09,2954.36,2.0
U009,Bebidas,2024-02,258739.23,1.13,2923.75,2.0
U009,Bebidas,2024-03,247173.98,1.05,2595.33,2.0
U009,Bebidas,2024-04,247973.13,1.04,2578.92,2.0
U009,Bebidas,2024-05,234065.79,0.9,2106.59,2.0
U009,Bebidas,2024-06,223025.25,1.03,2297.16,2.0
U009,Bebidas,2024-07,273973.93,0.88,2410.97,2.0
U009,Bebidas,2024-08,243566.79,0.87,2119.03,2.0
U009,Bebidas,2024-09,282919.47,0.82,2319.94,2.0
U009,Bebidas,2024-10,267645.31,0.75,2007.34,2.0
U009,Bebidas,2024-11,234129.83,0.9,2107.17,2.0
U009,Bebidas,2024-12,279692.73,0.75,2097.7,2.0
U009,Bebidas,2025-01,247239.17,0.75,1854.29,2.0
U009,Bebidas,2025-02,252709.46,0.59,1490.99,2.0
U009,Bebidas,2025-03,273538.52,0.62,1695.94,2.0
U009,Bebidas,2025-04,250039.87,0.57,1425.23,2.0
U009,Bebidas,2025-05,281120.89,0.59,1658.61,2.0
U009,Bebidas,2025-06,248298.99,0.5,1241.49,2.0
U009,Congelados,2023-06,289914.46,3.07,8900.37,2.0
U009,Congelados,2023-07,293506.17,2.65,7777.91,2.0
U009,Congelados,2023-08,247296.03,3.02,7468.34,2.0
U009,Congelados,2023-09,243986.19,2.89,7051.2,2.0
U009,Congelados,2023-10,276894.39,2.33,6451.64,2.0
U009,Congelados,2023-11,259134.31,2.5,6478.36,2.0
U009,Congelados,2023-12,288101.31,2.51,7231.34,2.0
U009,Congelados,2024-01,220545.46,2.62,5778.29,2.0
U009,Congelados,2024-02,254253.19,2.42,6152.93,2.0
U009,Congelados,2024-03,283339.03,2.24,6346.79,2.0
U009,Congelados,2024-04,255106.47,2.13,5433.77,2.0
U009,Congelados,2024-05,252501.76,2.35,5933.79,2.0
U009,Congelados,2024-06,258052.57,2.02,5212.66,2.0
U009,Congelados,2024-07,270286.5,2.13,5757.1,2.0
U009,Congelados,2024-08,249557.98,2.0,4991.16,2.0
U009,Congelados,2024-09,271016.35,1.54,4173.65,2.0
U009,Congelados,2024-10,277911.91,1.73,4807.88,2.0
U009,Congelados,2024-11,227683.48,1.75,3984.46,2.0
U009,Congelados,2024-12,224521.98,1.41,3165.76,2.0
U009,Congelados,2025-01,226417.36,1.59,3600.04,2.0
U009,Congelados,2025-02,276684.04,1.21,3347.88,2.0
U009,Congelados,2025-03,222814.65,1.32,2941.15,2.0
U009,Congelados,2025-04,273424.61,1.28,3499.84,2.0
U009,Congelados,2025-05,222797.19,1.13,2517.61,2.0
U009,Congelados,2025-06,250811.28,1.11,2784.01,2.0
U010,Hortifruti,2023-06,197044.86,9.23,18187.24,2.0
U010,Hortifruti,2023-07,190556.54,9.59,18274.37,2.0
U010,Hortifruti,2023-08,162908.7,7.61,12397.35,2.0
U010,Hortifruti,2023-09,146024.21,8.31,12134.61,2.0
U010,Hortifruti,2023-10,159840.04,9.2,14705.28,2.0
U010,Hortifruti,2023-11,161813.51,7.23,11699.12,2.0
U010,Hortifruti,2023-12,189885.17,6.98,13253.98,2.0
U010,Hortifruti,2024-01,171993.31,7.42,12761.9,2.0
U010,Hortifruti,2024-02,148344.81,6.88,10206.12,2.0
U010,Hortifruti,2024-03,190291.3,6.41,12197.67,2.0
U010,Hortifruti,2024-04,189770.12,7.16,13587.54,2.0
U010,Hortifruti,2024-05,156103.23,5.86,9147.65,2.0
U010,Hortifruti,2024-06,173323.66,5.26,9116.82,2.0
U010,Hortifruti,2024-07,169588.69,5.61,9513.93,2.0
U010,Hortifruti,2024-08,175737.04,5.57,9788.55,2.0
U010,Hortifruti,2024-09,186931.68,5.13,9589.6,2.0
U010,Hortifruti,2024-10,192996.62,4.64,8955.04,2.0
U010,Hortifruti,2024-11,148345.39,4.94,7328.26,2.0
U010,Hortifruti,2024-12,173129.78,4.36,7548.46,2.0
U010,Hortifruti,2025-01,174767.87,4.25,7427.63,2.0
U010,Hortifruti,2025-02,159782.94,3.91,6247.51,2.0
U010,Hortifruti,2025-03,160707.48,4.23,6797.93,2.0
U010,Hortifruti,2025-04,186983.74,3.87,7236.27,2.0
U010,Hortifruti,2025-05,169094.57,3.49,5901.4,2.0
U010,Hortifruti,2025-06,168593.87,3.56,6001.94,2.0
U010,Açougue,2023-06,148682.56,7.24,10764.62,2.0
U010,Açougue,2023-07,178591.21,6.2,11072.66,2.0
U010,Açougue,2023-08,190078.13,5.32,10112.16,2.0
U010,Açougue,2023-09,176380.35,5.2,9171.78,2.0
U010,Açougue,2023-10,193151.92,5.24,10121.16,2.0
U010,Açougue,2023-11,186893.04,5.72,10690.28,2.0
U010,Açougue,2023-12,180369.52,5.44,9812.1,2.0
U010,Açougue,2024-01,160880.19,5.54,8912.76,2.0
U010,Açougue,2024-02,188827.01,4.65,8780.46,2.0
U010,Açougue,2024-03,192918.42,4.39,8469.12,2.0
U010,Açougue,2024-04,150901.49,4.32,6518.94,2.0
U010,Açougue,2024-05,186047.28,4.01,7460.5,2.0
U010,Açougue,2024-06,167041.26,4.98,8318.65,2.0
U010,Açougue,2024-07,158961.76,4.41,7010.21,2.0
U010,Açougue,2024-08,180989.8,4.53,8198.84,2.0
U010,Açougue,2024-09,148628.47,3.46,5142.55,2.0
U010,Açougue,2024-10,147861.77,3.9,5766.61,2.0
U010,Açougue,2024-11,160815.52,3.86,6207.48,2.0
U010,Açougue,2024-12,175648.6,3.06,5374.85,2.0
U010,Açougue,2025-01,174543.85,2.98,5201.41,2.0
U010,Açougue,2025-02,192612.19,2.67,5142.75,2.0
U010,Açougue,2025-03,188981.41,2.66,5026.91,2.0
U010,Açougue,2025-04,186824.85,2.35,4390.38,2.0
U010,Açougue,2025-05,165848.63,2.8,4643.76,2.0
U010,Açougue,2025-06,165255.84,1.96,3239.01,2.0
U010,Padaria,2023-06,157201.63,7.82,12293.17,2.0
U010,Padaria,2023-07,150527.5,7.4,11139.03,2.0
U010,Padaria,2023-08,183166.6,7.02,12858.3,2.0
U010,Padaria,2023-09,180629.49,6.75,12192.49,2.0
U010,Padaria,2023-10,188322.59,5.91,11129.87,2.0
U010,Padaria,2023-11,193199.17,5.75,11108.95,2.0
U010,Padaria,2023-12,194027.79,7.22,14008.81,2.0
U010,Padaria,2024-01,160667.59,6.13,9848.92,2.0
U010,Padaria,2024-02,184304.68,5.61,10339.49,2.0
U010,Padaria,2024-03,193534.04,5.67,10973.38,2.0
U010,Padaria,2024-04,170643.93,4.8,8190.91,2.0
U010,Padaria,2024-05,176457.1,5.84,10305.09,2.0
U010,Padaria,2024-06,150262.32,5.12,7693.43,2.0
U010,Padaria,2024-07,159660.38,4.33,6913.29,2.0
U010,Padaria,2024-08,189192.39,5.21,9856.92,2.0
U010,Padaria,2024-09,193265.49,4.09,7904.56,2.0
U010,Padaria,2024-10,176509.37,3.65,6442.59,2.0
U010,Padaria,2024-11,163421.07,4.61,7533.71,2.0
U010,Padaria,2024-12,179478.78,4.36,7825.27,2.0
U010,Padaria,2025-01,162846.95,3.15,5129.68,2.0
U010,Padaria,2025-02,158437.53,3.39,5371.03,2.0
U010,Padaria,2025-03,154912.66,3.47,5375.47,2.0
U010,Padaria,2025-04,161051.95,3.29,5298.61,2.0
U010,Padaria,2025-05,174471.86,2.46,4292.01,2.0
U010,Padaria,2025-06,174080.66,2.31,4021.26,2.0
U010,Frios e Laticínios,2023-06,176344.92,6.52,11497.69,2.0
U010,Frios e Laticínios,2023-07,147448.82,5.77,8507.8,2.0
U010,Frios e Laticínios,2023-08,150714.52,5.7,8590.73,2.0
U010,Frios e Laticínios,2023-09,152501.28,5.76,8784.07,2.0
U010,Frios e Laticínios,2023-10,163861.94,5.48,8979.63,2.0
U010,Frios e Laticínios,2023-11,179818.87,4.99,8972.96,2.0
U010,Frios e Laticínios,2023-12,154441.59,4.52,6980.76,2.0
U010,Frios e Laticínios,2024-01,162769.59,5.51,8968.6,2.0
U010,Frios e Laticínios,2024-02,190633.74,5.18,9874.83,2.0
U010,Frios e Laticínios,2024-03,153379.05,4.51,6917.4,2.0
U010,Frios e Laticínios,2024-04,190923.17,3.84,7331.45,2.0
U010,Frios e Laticínios,2024-05,171229.48,3.73,6386.86,2.0
U010,Frios e Laticínios,2024-06,151761.39,4.09,6207.04,2.0
U010,Frios e Laticínios,2024-07,154149.95,3.85,5934.77,2.0
U010,Frios e Laticínios,2024-08,171777.42,3.76,6458.83,2.0
U010,Frios e Laticínios,2024-09,155882.39,3.42,5331.18,2.0
U010,Frios e Laticínios,2024-10,156177.86,3.3,5153.87,2.0
U010,Frios e Laticínios,2024-11,158051.2,2.88,4551.87,2.0
U010,Frios e Laticínios,2024-12,171520.95,3.42,5866.02,2.0
U010,Frios e Laticínios,2025-01,146491.44,3.25,4760.97,2.0
U010,Frios e Laticínios,2025-02,170832.05,3.12,5329.96,2.0
U010,Frios e Laticínios,2025-03,175049.74,2.81,4918.9,2.0
U010,Frios e Laticínios,2025-04,157504.9,2.56,4032.13,2.0
U010,Frios e Laticínios,2025-05,153616.65,2.43,3732.88,2.0
U010,Frios e Laticínios,2025-06,147304.46,1.95,2872.44,2.0
U010,Mercearia,2023-06,172360.26,1.94,3343.79,2.0
U010,Mercearia,2023-07,191511.68,1.82,3485.51,2.0
U010,Mercearia,2023-08,175466.59,1.66,2912.75,2.0
U010,Mercearia,2023-09,176329.41,1.69,2979.97,2.0
U010,Mercearia,2023-10,182269.2,1.94,3536.02,2.0
U010,Mercearia,2023-11,158352.87,1.5,2375.29,2.0
U010,Mercearia,2023-12,196266.09,1.72,3375.78,2.0
U010,Mercearia,2024-01,177509.91,1.4,2485.14,2.0
U010,Mercearia,2024-02,187610.35,1.66,3114.33,2.0
U010,Mercearia,2024-03,187399.76,1.44,2698.56,2.0
U010,Mercearia,2024-04,193072.07,1.44,2780.24,2.0
U010,Mercearia,2024-05,194073.0,1.2,2328.88,2.0
U010,Mercearia,2024-06,166651.11,1.31,2183.13,2.0
U010,Mercearia,2024-07,158305.95,1.14,1804.69,2.0
U010,Mercearia,2024-08,180624.3,1.33,2402.3,2.0
U010,Mercearia,2024-09,163422.14,1.06,1732.27,2.0
U010,Mercearia,2024-10,155907.46,1.01,1574.67,2.0
U010,Mercearia,2024-11,162740.25,0.99,1611.13,2.0
U010,Mercearia,2024-12,197003.68,1.17,2304.94,2.0
U010,Mercearia,2025-01,170385.97,1.06,1806.09,2.0
U010,Mercearia,2025-02,185790.53,0.92,1709.27,2.0
U010,Mercearia,2025-03,184360.86,0.97,1788.3,2.0
U010,Mercearia,2025-04,155950.57,0.84,1309.98,2.0
U010,Mercearia,2025-05,189208.73,0.78,1475.83,2.0
U010,Mercearia,2025-06,150465.59,0.76,1143.54,2.0
U010,Bebidas,2023-06,163673.12,1.6,2618.77,2.0
U010,Bebidas,2023-07,195381.41,1.31,2559.5,2.0
U010,Bebidas,2023-08,184057.24,1.49,2742.45,2.0
U010,Bebidas,2023-09,188319.21,1.23,2316.33,2.0
U010,Bebidas,2023-10,192246.05,1.51,2902.92,2.0
U010,Bebidas,2023-11,188526.34,1.39,2620.52,2.0
U010,Bebidas,2023-12,176076.77,1.37,2412.25,2.0
U010,Bebidas,2024-01,188151.8,1.19,2239.01,2.0
U010,Bebidas,2024-02,190499.52,1.28,2438.39,2.0
U010,Bebidas,2024-03,195133.92,1.07,2087.93,2.0
U010,Bebidas,2024-04,194362.57,1.1,2137.99,2.0
U010,Bebidas,2024-05,195520.8,0.93,1818.34,2.0
U010,Bebidas,2024-06,158674.51,1.1,1745.42,2.0
U010,Bebidas,2024-07,157650.18,1.07,1686.86,2.0
U010,Bebidas,2024-08,169263.68,0.85,1438.74,2.0
U010,Bebidas,2024-09,171049.06,0.82,1402.6,2.0
U010,Bebidas,2024-10,180959.64,0.95,1719.12,2.0
U010,Bebidas,2024-11,165874.96,0.86,1426.52,2.0
U010,Bebidas,2024-12,186530.4,0.83,1548.2,2.0
U010,Bebidas,2025-01,194144.97,0.77,1494.92,2.0
U010,Bebidas,2025-02,166606.68,0.75,1249.55,2.0
U010,Bebidas,2025-03,179270.2,0.57,1021.84,2.0
U010,Bebidas,2025-04,163178.99,0.67,1093.3,2.0
U010,Bebidas,2025-05,188723.86,0.58,1094.6,2.0
U010,Bebidas,2025-06,145945.48,0.57,831.89,2.0
U010,Congelados,2023-06,146555.33,2.99,4382.0,2.0
U010,Congelados,2023-07,187494.36,2.58,4837.35,2.0
U010,Congelados,2023-08,176816.08,2.77,4897.81,2.0
U010,Congelados,2023-09,162964.32,2.72,4432.63,2.0
U010,Congelados,2023-10,163905.3,2.45,4015.68,2.0
U010,Congelados,2023-11,177562.78,2.86,5078.3,2.0
U010,Congelados,2023-12,150238.78,2.36,3545.64,2.0
U010,Congelados,2024-01,181774.8,2.26,4108.11,2.0
U010,Congelados,2024-02,179708.54,2.31,4151.27,2.0
U010,Congelados,2024-03,151922.26,2.48,3767.67,2.0
U010,Congelados,2024-04,147849.69,2.31,3415.33,2.0
U010,Congelados,2024-05,155182.6,2.31,3584.72,2.0
U010,Congelados,2024-06,194967.79,1.89,3684.89,2.0
U010,Congelados,2024-07,157244.59,1.86,2924.75,2.0
U010,Congelados,2024-08,177098.14,2.08,3683.64,2.0
U010,Congelados,2024-09,165995.41,1.99,3303.31,2.0
U010,Congelados,2024-10,194868.88,1.7,3312.77,2.0
U010,Congelados,2024-11,196554.04,1.62,3184.18,2.0
U010,Congelados,2024-12,188432.24,1.39,2619.21,2.0
U010,Congelados,2025-01,172827.08,1.31,2264.03,2.0
U010,Congelados,2025-02,154732.11,1.17,1810.37,2.0
U010,Congelados,2025-03,169092.21,1.47,2485.66,2.0
U010,Congelados,2025-04,158613.19,1.33,2109.56,2.0
U010,Congelados,2025-05,150903.8,1.08,1629.76,2.0
U010,Congelados,2025-06,190058.7,1.07,2033.63,2.0
U011,Hortifruti,2023-06,165086.8,9.04,14923.85,2.0
U011,Hortifruti,2023-07,191681.18,9.88,18938.1,2.0
U011,Hortifruti,2023-08,149617.86,8.94,13375.84,2.0
U011,Hortifruti,2023-09,168553.56,8.58,14461.9,2.0
U011,Hortifruti,2023-10,164322.25,9.13,15002.62,2.0
U011,Hortifruti,2023-11,178213.24,8.16,14542.2,2.0
U011,Hortifruti,2023-12,172569.32,7.26,12528.53,2.0
U011,Hortifruti,2024-01,192369.57,7.68,14773.98,2.0
U011,Hortifruti,2024-02,164420.02,7.05,11591.61,2.0
U011,Hortifruti,2024-03,148644.66,7.78,11564.55,2.0
U011,Hortifruti,2024-04,180867.44,7.22,13058.63,2.0
U011,Hortifruti,2024-05,168740.59,6.43,10850.02,2.0
U011,Hortifruti,2024-06,191542.76,6.53,12507.74,2.0
U011,Hortifruti,2024-07,184276.31,6.23,11480.41,2.0
U011,Hortifruti,2024-08,162438.63,4.81,7813.3,2.0
U011,Hortifruti,2024-09,194724.46,4.76,9268.88,2.0
U011,Hortifruti,2024-10,153147.07,5.7,8729.38,2.0
U011,Hortifruti,2024-11,175376.55,4.98,8733.75,2.0
U011,Hortifruti,2024-12,165885.56,3.99,6618.83,2.0
U011,Hortifruti,2025-01,178705.51,4.69,8381.29,2.0
U011,Hortifruti,2025-02,184926.11,3.85,7119.66,2.0
U011,Hortifruti,2025-03,173706.22,3.64,6322.91,2.0
U011,Hortifruti,2025-04,196019.19,3.55,6958.68,2.0
U011,Hortifruti,2025-05,187109.33,3.55,6642.38,2.0
U011,Hortifruti,2025-06,165282.14,3.32,5487.37,2.0
U011,Açougue,2023-06,182213.1,7.4,13483.77,2.0
U011,Açougue,2023-07,159984.72,6.69,10702.98,2.0
U011,Açougue,2023-08,175294.1,5.52,9676.23,2.0
U011,Açougue,2023-09,186531.13,6.56,12236.44,2.0
U011,Açougue,2023-10,152908.37,5.53,8455.83,2.0
U011,Açougue,2023-11,190837.4,5.65,10782.31,2.0
U011,Açougue,2023-12,183686.29,4.89,8982.26,2.0
U011,Açougue,2024-01,161758.55,4.75,7683.53,2.0
U011,Açougue,2024-02,161021.09,4.41,7101.03,2.0
U011,Açougue,2024-03,195441.9,4.74,9263.95,2.0
U011,Açougue,2024-04,155338.93,5.4,8388.3,2.0
U011,Açougue,2024-05,194248.58,4.3,8352.69,2.0
U011,Açougue,2024-06,162217.66,3.99,6472.48,2.0
U011,Açougue,2024-07,151290.58,4.13,6248.3,2.0
U011,Açougue,2024-08,165975.65,3.75,6224.09,2.0
U011,Açougue,2024-09,195270.75,3.73,7283.6,2.0
U011,Açougue,2024-10,156204.41,3.43,5357.81,2.0
U011,Açougue,2024-11,168869.41,3.94,6653.45,2.0
U011,Açougue,2024-12,178480.05,3.67,6550.22,2.0
U011,Açougue,2025-01,161901.76,3.42,5537.04,2.0
U011,Açougue,2025-02,184649.69,2.67,4930.15,2.0
U011,Açougue,2025-03,174449.74,2.78,4849.7,2.0
U011,Açougue,2025-04,184421.06,2.76,5090.02,2.0
U011,Açougue,2025-05,164369.56,2.29,3764.06,2.0
U011,Açougue,2025-06,172937.66,2.56,4427.2,2.0
U011,Padaria,2023-06,178124.3,7.02,12504.33,2.0
U011,Padaria,2023-07,185384.38,6.77,12550.52,2.0
U011,Padaria,2023-08,188227.52,6.12,11519.52,2.0
U011,Padaria,2023-09,163902.22,7.03,11522.33,2.0
U011,Padaria,2023-10,159369.69,7.57,12064.29,2.0
U011,Padaria,2023-11,149307.47,5.99,8943.52,2.0
U011,Padaria,2023-12,184477.83,6.37,11751.24,2.0
U011,Padaria,2024-01,166940.6,6.4,10684.2,2.0
U011,Padaria,2024-02,151436.96,6.42,9722.25,2.0
U011,Padaria,2024-03,178874.01,5.34,9551.87,2.0
U011,Padaria,2024-04,178315.35,6.24,11126.88,2.0
U011,Padaria,2024-05,185551.37,5.57,10335.21,2.0
U011,Padaria,2024-06,194075.34,4.9,9509.69,2.0
U011,Padaria,2024-07,163289.72,5.21,8507.39,2.0
U011,Padaria,2024-08,187151.96,4.51,8440.55,2.0
U011,Padaria,2024-09,155266.41,4.25,6598.82,2.0
U011,Padaria,2024-10,173063.58,4.72,8168.6,2.0
U011,Padaria,2024-11,180141.11,4.07,7331.74,2.0
U011,Padaria,2024-12,152583.34,4.31,6576.34,2.0
U011,Padaria,2025-01,149106.0,3.46,5159.07,2.0
U011,Padaria,2025-02,171538.38,3.35,5746.54,2.0
U011,Padaria,2025-03,180058.91,3.58,6446.11,2.0
U011,Padaria,2025-04,166475.0,3.1,5160.73,2.0
U011,Padaria,2025-05,159796.08,2.89,4618.11,2.0
U011,Padaria,2025-06,186264.34,2.9,5401.67,2.0
U011,Frios e Laticínios,2023-06,153488.03,6.61,10145.56,2.0
U011,Frios e Laticínios,2023-07,184497.34,6.14,11328.14,2.0
U011,Frios e Laticínios,2023-08,191914.47,5.68,10900.74,2.0
U011,Frios e Laticínios,2023-09,183926.17,6.17,11348.24,2.0
U011,Frios e Laticínios,2023-10,179083.36,5.87,10512.19,2.0
U011,Frios e Laticínios,2023-11,152465.77,5.78,8812.52,2.0
U011,Frios e Laticínios,2023-12,181908.53,5.33,9695.72,2.0
U011,Frios e Laticínios,2024-01,159861.12,5.03,8041.01,2.0
U011,Frios e Laticínios,2024-02,176743.86,4.09,7228.82,2.0
U011,Frios e Laticínios,2024-03,159755.74,4.98,7955.84,2.0
U011,Frios e Laticínios,2024-04,157227.44,4.0,6289.1,2.0
U011,Frios e Laticínios,2024-05,180480.48,3.7,6677.78,2.0
U011,Frios e Laticínios,2024-06,186965.74,4.63,8656.51,2.0
U011,Frios e Laticínios,2024-07,181685.28,3.72,6758.69,2.0
U011,Frios e Laticínios,2024-08,188842.05,3.25,6137.37,2.0
U011,Frios e Laticínios,2024-09,145890.65,3.38,4931.1,2.0
U011,Frios e Laticínios,2024-10,152850.6,3.53,5395.63,2.0
U011,Frios e Laticínios,2024-11,148753.73,3.02,4492.36,2.0
U011,Frios e Laticínios,2024-12,174252.6,3.02,5262.43,2.0
U011,Frios e Laticínios,2025-01,147751.13,3.18,4698.49,2.0
U011,Frios e Laticínios,2025-02,151399.49,3.02,4572.26,2.0
U011,Frios e Laticínios,2025-03,178085.96,2.37,4220.64,2.0
U011,Frios e Laticínios,2025-04,162739.01,2.31,3759.27,2.0
U011,Frios e Laticínios,2025-05,156918.54,2.31,3624.82,2.0
U011,Frios e Laticínios,2025-06,156461.98,2.28,3567.33,2.0
U011,Mercearia,2023-06,187306.02,2.2,4120.73,2.0
U011,Mercearia,2023-07,147282.37,1.97,2901.46,2.0
U011,Mercearia,2023-08,147173.44,2.05,3017.06,2.0
U011,Mercearia,2023-09,167515.47,1.84,3082.28,2.0
U011,Mercearia,2023-10,178114.81,1.55,2760.78,2.0
U011,Mercearia,2023-11,175795.88,1.85,3252.22,2.0
U011,Mercearia,2023-12,172050.16,1.62,2787.21,2.0
U011,Mercearia,2024-01,157351.61,1.66,2612.04,2.0
U011,Mercearia,2024-02,196921.36,1.74,3426.43,2.0
U011,Mercearia,2024-03,195154.66,1.65,3220.05,2.0
U011,Mercearia,2024-04,196435.84,1.38,2710.81,2.0
U011,Mercearia,2024-05,170290.81,1.22,2077.55,2.0
U011,Mercearia,2024-06,169061.27,1.2,2028.74,2.0
U011,Mercearia,2024-07,182146.89,1.37,2495.41,2.0
U011,Mercearia,2024-08,163286.39,1.22,1992.09,2.0
U011,Mercearia,2024-09,166433.69,1.08,1797.48,2.0
U011,Mercearia,2024-10,155702.12,1.06,1650.44,2.0
U011,Mercearia,2024-11,172262.19,1.16,1998.24,2.0
U011,Mercearia,2024-12,155881.92,1.01,1574.41,2.0
U011,Mercearia,2025-01,155831.96,1.03,1605.07,2.0
U011,Mercearia,2025-02,174528.04,0.85,1483.49,2.0
U011,Mercearia,2025-03,195755.03,0.91,1781.37,2.0
U011,Mercearia,2025-04,194484.26,0.87,1692.01,2.0
U011,Mercearia,2025-05,182873.13,0.85,1554.42,2.0
U011,Mercearia,2025-06,148940.37,0.75,1117.05,2.0
U011,Bebidas,2023-06,146383.55,1.37,2005.45,2.0
U011,Bebidas,2023-07,182845.0,1.62,2962.09,2.0
U011,Bebidas,2023-08,159280.7,1.47,2341.43,2.0
U011,Bebidas,2023-09,154130.43,1.32,2034.52,2.0
U011,Bebidas,2023-10,196704.09,1.39,2734.19,2.0
U011,Bebidas,2023-11,147989.57,1.22,1805.47,2.0
U011,Bebidas,2023-12,163984.83,1.13,1853.03,2.0
U011,Bebidas,2024-01,187087.78,1.36,2544.39,2.0
U011,Bebidas,2024-02,150967.79,1.16,1751.23,2.0
U011,Bebidas,2024-03,153627.89,1.0,1536.28,2.0
U011,Bebidas,2024-04,169950.63,1.18,2005.42,2.0
U011,Bebidas,2024-05,192602.86,1.21,2330.49,2.0
U011,Bebidas,2024-06,170206.75,1.1,1872.27,2.0
U011,Bebidas,2024-07,152313.23,1.07,1629.75,2.0
U011,Bebidas,2024-08,174689.97,0.82,1432.46,2.0
U011,Bebidas,2024-09,156477.73,0.89,1392.65,2.0
U011,Bebidas,2024-10,146805.52,0.79,1159.76,2.0
U011,Bebidas,2024-11,182239.62,0.91,1658.38,2.0
U011,Bebidas,2024-12,196142.65,0.87,1706.44,2.0
U011,Bebidas,2025-01,183381.07,0.71,1302.01,2.0
U011,Bebidas,2025-02,187467.56,0.66,1237.29,2.0
U011,Bebidas,2025-03,152596.95,0.71,1083.44,2.0
U011,Bebidas,2025-04,156721.48,0.52,814.95,2.0
U011,Bebidas,2025-05,165200.94,0.58,958.17,2.0
U011,Bebidas,2025-06,188416.04,0.45,847.87,2.0
U011,Congelados,2023-06,169562.33,3.26,5527.73,2.0
U011,Congelados,2023-07,191435.36,2.52,4824.17,2.0
U011,Congelados,2023-08,149364.71,2.87,4286.77,2.0
U011,Congelados,2023-09,177835.59,2.61,4641.51,2.0
U011,Congelados,2023-10,170632.87,2.98,5084.86,2.0
U011,Congelados,2023-11,156294.18,2.7,4219.94,2.0
U011,Congelados,2023-12,192298.05,2.32,4461.31,2.0
U011,Congelados,2024-01,151063.79,2.35,3550.0,2.0
U011,Congelados,2024-02,152206.69,2.41,3668.18,2.0
U011,Congelados,2024-03,169186.66,2.06,3485.25,2.0
U011,Congelados,2024-04,178442.33,2.24,3997.11,2.0
U011,Congelados,2024-05,168323.8,2.24,3770.45,2.0
U011,Congelados,2024-06,182973.13,1.76,3220.33,2.0
U011,Congelados,2024-07,169919.59,1.68,2854.65,2.0
U011,Congelados,2024-08,180320.35,1.81,3263.8,2.0
U011,Congelados,2024-09,158046.3,1.9,3002.88,2.0
U011,Congelados,2024-10,181304.51,1.78,3227.22,2.0
U011,Congelados,2024-11,153005.62,1.61,2463.39,2.0
U011,Congelados,2024-12,176523.69,1.73,3053.86,2.0
U011,Congelados,2025-01,157985.2,1.27,2006.41,2.0
U011,Congelados,2025-02,157476.98,1.58,2488.14,2.0
U011,Congelados,2025-03,186242.74,1.25,2328.03,2.0
U011,Congelados,2025-04,178314.75,1.33,2371.59,2.0
U011,Congelados,2025-05,147683.52,1.21,1786.97,2.0
U011,Congelados,2025-06,195916.3,0.92,1802.43,2.0
U012,Hortifruti,2023-06,369179.86,9.82,36253.46,2.0
U012,Hortifruti,2023-07,395200.82,7.57,29916.7,2.0
U012,Hortifruti,2023-08,392518.67,9.61,37721.04,2.0
U012,Hortifruti,2023-09,483902.74,8.7,42099.54,2.0
U012,Hortifruti,2023-10,482478.8,8.36,40335.23,2.0
U012,Hortifruti,2023-11,384010.16,7.23,27763.93,2.0
U012,Hortifruti,2023-12,461629.78,6.45,29775.12,2.0
U012,Hortifruti,2024-01,489405.37,6.43,31468.77,2.0
U012,Hortifruti,2024-02,388320.54,7.49,29085.21,2.0
U012,Hortifruti,2024-03,385219.37,7.43,28621.8,2.0
U012,Hortifruti,2024-04,377888.01,6.59,24902.82,2.0
U012,Hortifruti,2024-05,478671.33,6.86,32836.85,2.0
U012,Hortifruti,2024-06,364576.6,6.83,24900.58,2.0
U012,Hortifruti,2024-07,435757.89,6.45,28106.38,2.0
U012,Hortifruti,2024-08,428889.66,6.13,26290.94,2.0
U012,Hortifruti,2024-09,440729.19,5.54,24416.4,2.0
U012,Hortifruti,2024-10,374265.63,5.56,20809.17,2.0
U012,Hortifruti,2024-11,434417.66,4.21,18288.98,2.0
U012,Hortifruti,2024-12,415323.28,4.32,17941.97,2.0
U012,Hortifruti,2025-01,460070.96,3.72,17114.64,2.0
U012,Hortifruti,2025-02,470956.69,3.54,16671.87,2.0
U012,Hortifruti,2025-03,423169.62,4.24,17942.39,2.0
U012,Hortifruti,2025-04,447864.63,3.23,14466.03,2.0
U012,Hortifruti,2025-05,419449.01,3.1,13002.92,2.0
U012,Hortifruti,2025-06,489830.01,2.78,13617.27,2.0
U012,Açougue,2023-06,409610.73,6.59,26993.35,2.0
U012,Açougue,2023-07,458165.14,5.55,25428.17,2.0
U012,Açougue,2023-08,473355.9,6.79,32140.87,2.0
U012,Açougue,2023-09,411546.95,5.26,21647.37,2.0
U012,Açougue,2023-10,462311.23,5.45,25195.96,2.0
U012,Açougue,2023-11,442254.93,5.03,22245.42,2.0
U012,Açougue,2023-12,463130.16,6.23,28853.01,2.0
U012,Açougue,2024-01,373927.98,4.49,16789.37,2.0
U012,Açougue,2024-02,453316.61,4.5,20399.25,2.0
U012,Açougue,2024-03,431158.93,5.06,21816.64,2.0
U012,Açougue,2024-04,416664.82,4.68,19499.91,2.0
U012,Açougue,2024-05,447674.23,4.72,21130.22,2.0
U012,Açougue,2024-06,458488.45,4.94,22649.33,2.0
U012,Açougue,2024-07,481654.81,4.59,22107.96,2.0
U012,Açougue,2024-08,456429.1,4.44,20265.45,2.0
U012,Açougue,2024-09,451825.23,3.32,15000.6,2.0
U012,Açougue,2024-10,419670.89,4.07,17080.61,2.0
U012,Açougue,2024-11,387404.34,3.91,15147.51,2.0
U012,Açougue,2024-12,421080.72,3.77,15874.74,2.0
U012,Açougue,2025-01,396768.82,3.35,13291.76,2.0
U012,Açougue,2025-02,409090.76,2.8,11454.54,2.0
U012,Açougue,2025-03,376463.64,2.66,10013.93,2.0
U012,Açougue,2025-04,490398.14,2.58,12652.27,2.0
U012,Açougue,2025-05,484140.22,2.56,12393.99,2.0
U012,Açougue,2025-06,471877.33,2.45,11560.99,2.0
U012,Padaria,2023-06,461060.75,8.61,39697.33,2.0
U012,Padaria,2023-07,396396.09,6.8,26954.93,2.0
U012,Padaria,2023-08,366976.15,6.91,25358.05,2.0
U012,Padaria,2023-09,478236.39,6.33,30272.36,2.0
U012,Padaria,2023-10,406548.18,7.53,30613.08,2.0
U012,Padaria,2023-11,463923.73,7.01,32521.05,2.0
U012,Padaria,2023-12,466448.45,7.02,32744.68,2.0
U012,Padaria,2024-01,377766.95,6.14,23194.89,2.0
U012,Padaria,2024-02,404614.81,6.45,26097.66,2.0
U012,Padaria,2024-03,411487.58,5.89,24236.62,2.0
U012,Padaria,2024-04,488439.96,5.53,27010.73,2.0
U012,Padaria,2024-05,432546.65,4.73,20459.46,2.0
U012,Padaria,2024-06,433509.43,5.29,22932.65,2.0
U012,Padaria,2024-07,416679.03,5.5,22917.35,2.0
U012,Padaria,2024-08,452973.78,5.23,23690.53,2.0
U012,Padaria,2024-09,375810.86,5.08,19091.19,2.0
U012,Padaria,2024-10,401235.75,3.88,15567.95,2.0
U012,Padaria,2024-11,366038.39,4.54,16618.14,2.0
U012,Padaria,2024-12,456318.14,3.57,16290.56,2.0
U012,Padaria,2025-01,386950.1,4.18,16174.51,2.0
U012,Padaria,2025-02,452598.72,3.37,15252.58,2.0
U012,Padaria,2025-03,460203.29,3.42,15738.95,2.0
U012,Padaria,2025-04,396234.39,3.26,12917.24,2.0
U012,Padaria,2025-05,367844.13,2.62,9637.52,2.0
U012,Padaria,2025-06,391184.89,2.78,10874.94,2.0
U012,Frios e Laticínios,2023-06,488268.76,5.57,27196.57,2.0
U012,Frios e Laticínios,2023-07,440288.17,6.09,26813.55,2.0
U012,Frios e Laticínios,2023-08,441153.23,5.94,26204.5,2.0
U012,Frios e Laticínios,2023-09,403358.6,5.83,23515.81,2.0
U012,Frios e Laticínios,2023-10,372888.64,4.65,17339.32,2.0
U012,Frios e Laticínios,2023-11,410764.41,4.43,18196.86,2.0
U012,Frios e Laticínios,2023-12,378796.63,4.49,17007.97,2.0
U012,Frios e Laticínios,2024-01,488941.23,4.85,23713.65,2.0
U012,Frios e Laticínios,2024-02,399444.12,4.96,19812.43,2.0
U012,Frios e Laticínios,2024-03,387157.48,4.9,18970.72,2.0
U012,Frios e Laticínios,2024-04,403264.04,3.85,15525.67,2.0
U012,Frios e Laticínios,2024-05,452938.27,4.1,18570.47,2.0
U012,Frios e Laticínios,2024-06,457925.93,3.98,18225.45,2.0
U012,Frios e Laticínios,2024-07,484154.05,3.41,16509.65,2.0
U012,Frios e Laticínios,2024-08,471293.95,3.55,16730.94,2.0
U012,Frios e Laticínios,2024-09,470840.85,3.06,14407.73,2.0
U012,Frios e Laticínios,2024-10,474215.91,3.12,14795.54,2.0
U012,Frios e Laticínios,2024-11,450521.15,3.53,15903.4,2.0
U012,Frios e Laticínios,2024-12,365546.4,2.87,10491.18,2.0
U012,Frios e Laticínios,2025-01,480628.36,2.64,12688.59,2.0
U012,Frios e Laticínios,2025-02,449046.11,2.47,11091.44,2.0
U012,Frios e Laticínios,2025-03,449299.75,2.66,11951.37,2.0
U012,Frios e Laticínios,2025-04,382756.21,2.19,8382.36,2.0
U012,Frios e Laticínios,2025-05,490633.06,1.99,9763.6,2.0
U012,Frios e Laticínios,2025-06,448143.58,2.03,9097.31,2.0
U012,Mercearia,2023-06,392990.42,2.04,8017.0,2.0
U012,Mercearia,2023-07,366190.9,1.69,6188.63,2.0
U012,Mercearia,2023-08,381008.98,2.09,7963.09,2.0
U012,Mercearia,2023-09,411038.57,2.09,8590.71,2.0
U012,Mercearia,2023-10,382074.84,1.9,7259.42,2.0
U012,Mercearia,2023-11,396640.2,1.88,7456.84,2.0
U012,Mercearia,2023-12,431534.95,1.61,6947.71,2.0
U012,Mercearia,2024-01,396209.0,1.43,5665.79,2.0
U012,Mercearia,2024-02,400964.51,1.71,6856.49,2.0
U012,Mercearia,2024-03,462615.59,1.46,6754.19,2.0
U012,Mercearia,2024-04,389219.48,1.34,5215.54,2.0
U012,Mercearia,2024-05,413680.32,1.29,5336.48,2.0
U012,Mercearia,2024-06,446754.68,1.3,5807.81,2.0
U012,Mercearia,2024-07,476099.19,1.28,6094.07,2.0
U012,Mercearia,2024-08,449610.31,1.07,4810.83,2.0
U012,Mercearia,2024-09,394475.97,1.31,5167.64,2.0
U012,Mercearia,2024-10,420644.29,0.97,4080.25,2.0
U012,Mercearia,2024-11,423422.56,0.95,4022.51,2.0
U012,Mercearia,2024-12,376337.19,1.09,4102.08,2.0
U012,Mercearia,2025-01,425938.36,0.86,3663.07,2.0
U012,Mercearia,2025-02,393953.13,0.83,3269.81,2.0
U012,Mercearia,2025-03,379497.06,0.85,3225.73,2.0
U012,Mercearia,2025-04,410718.18,0.7,2875.03,2.0
U012,Mercearia,2025-05,484704.21,0.75,3635.28,2.0
U012,Mercearia,2025-06,373480.74,0.71,2651.71,2.0
U012,Bebidas,2023-06,459971.39,1.38,6347.61,2.0
U012,Bebidas,2023-07,476170.63,1.49,7094.94,2.0
U012,Bebidas,2023-08,474589.95,1.62,7688.36,2.0
U012,Bebidas,2023-09,485617.76,1.22,5924.54,2.0
U012,Bebidas,2023-10,395109.09,1.35,5333.97,2.0
U012,Bebidas,2023-11,475456.74,1.17,5562.84,2.0
U012,Bebidas,2023-12,374967.42,1.15,4312.13,2.0
U012,Bebidas,2024-01,483097.8,1.13,5459.01,2.0
U012,Bebidas,2024-02,458313.35,1.16,5316.43,2.0
U012,Bebidas,2024-03,422530.43,0.99,4183.05,2.0
U012,Bebidas,2024-04,390685.68,1.03,4024.06,2.0
U012,Bebidas,2024-05,410730.27,1.1,4518.03,2.0
U012,Bebidas,2024-06,490823.46,0.9,4417.41,2.0
U012,Bebidas,2024-07,387425.07,0.97,3758.02,2.0
U012,Bebidas,2024-08,448239.2,0.79,3541.09,2.0
U012,Bebidas,2024-09,367432.19,0.89,3270.15,2.0
U012,Bebidas,2024-10,459487.37,0.84,3859.69,2.0
U012,Bebidas,2024-11,394382.65,0.82,3233.94,2.0
U012,Bebidas,2024-12,442062.23,0.77,3403.88,2.0
U012,Bebidas,2025-01,382933.2,0.76,2910.29,2.0
U012,Bebidas,2025-02,485860.06,0.75,3643.95,2.0
U012,Bebidas,2025-03,474512.15,0.69,3274.13,2.0
U012,Bebidas,2025-04,480349.64,0.58,2786.03,2.0
U012,Bebidas,2025-05,393457.25,0.51,2006.63,2.0
U012,Bebidas,2025-06,480204.2,0.54,2593.1,2.0
U012,Congelados,2023-06,392181.59,2.62,10275.16,2.0
U012,Congelados,2023-07,420730.57,2.51,10560.34,2.0
U012,Congelados,2023-08,388911.11,2.53,9839.45,2.0
U012,Congelados,2023-09,439281.81,2.96,13002.74,2.0
U012,Congelados,2023-10,415970.4,3.03,12603.9,2.0
U012,Congelados,2023-11,365907.08,2.73,9989.26,2.0
U012,Congelados,2023-12,394255.82,2.85,11236.29,2.0
U012,Congelados,2024-01,430069.66,2.41,10364.68,2.0
U012,Congelados,2024-02,427556.16,2.67,11415.75,2.0
U012,Congelados,2024-03,444156.89,2.6,11548.08,2.0
U012,Congelados,2024-04,471503.95,2.0,9430.08,2.0
U012,Congelados,2024-05,492803.37,1.92,9461.82,2.0
U012,Congelados,2024-06,393379.16,2.0,7867.58,2.0
U012,Congelados,2024-07,405657.9,2.21,8965.04,2.0
U012,Congelados,2024-08,408406.85,1.81,7392.16,2.0
U012,Congelados,2024-09,367237.04,1.87,6867.33,2.0
U012,Congelados,2024-10,385124.19,1.64,6316.04,2.0
U012,Congelados,2024-11,364306.01,1.78,6484.65,2.0
U012,Congelados,2024-12,397437.5,1.59,6319.26,2.0
U012,Congelados,2025-01,436526.68,1.44,6285.98,2.0
U012,Congelados,2025-02,381988.55,1.46,5577.03,2.0
U012,Congelados,2025-03,379783.18,1.19,4519.42,2.0
U012,Congelados,2025-04,383462.04,1.38,5291.78,2.0
U012,Congelados,2025-05,431426.48,1.01,4357.41,2.0
U012,Congelados,2025-06,478267.65,1.08,5165.29,2.0
U013,Hortifruti,2023-06,394411.31,7.8,30764.08,2.0
U013,Hortifruti,2023-07,439575.7,7.88,34638.57,2.0
U013,Hortifruti,2023-08,416862.43,8.39,34974.76,2.0
U013,Hortifruti,2023-09,449362.04,9.23,41476.12,2.0
U013,Hortifruti,2023-10,487319.88,8.89,43322.74,2.0
U013,Hortifruti,2023-11,485402.09,7.24,35143.11,2.0
U013,Hortifruti,2023-12,370918.8,7.33,27188.35,2.0
U013,Hortifruti,2024-01,377670.48,8.2,30968.98,2.0
U013,Hortifruti,2024-02,401525.03,6.03,24211.96,2.0
U013,Hortifruti,2024-03,488600.59,6.38,31172.72,2.0
U013,Hortifruti,2024-04,418296.87,7.29,30493.84,2.0
U013,Hortifruti,2024-05,473419.09,6.37,30156.8,2.0
U013,Hortifruti,2024-06,448295.99,6.63,29722.02,2.0
U013,Hortifruti,2024-07,379276.66,5.85,22187.68,2.0
U013,Hortifruti,2024-08,448901.45,5.16,23163.31,2.0
U013,Hortifruti,2024-09,467279.69,5.48,25606.93,2.0
U013,Hortifruti,2024-10,488019.67,5.71,27865.92,2.0
U013,Hortifruti,2024-11,374059.93,4.41,16496.04,2.0
U013,Hortifruti,2024-12,437611.93,5.16,22580.78,2.0
U013,Hortifruti,2025-01,453269.95,3.95,17904.16,2.0
U013,Hortifruti,2025-02,394700.12,3.82,15077.54,2.0
U013,Hortifruti,2025-03,431639.72,3.73,16100.16,2.0
U013,Hortifruti,2025-04,373726.1,3.83,14313.71,2.0
U013,Hortifruti,2025-05,444546.51,3.64,16181.49,2.0
U013,Hortifruti,2025-06,450699.74,3.12,14061.83,2.0
U013,Açougue,2023-06,365521.34,7.08,25878.91,2.0
U013,Açougue,2023-07,451449.2,6.28,28351.01,2.0
U013,Açougue,2023-08,447537.98,6.53,29224.23,2.0
U013,Açougue,2023-09,487519.96,5.4,26326.08,2.0
U013,Açougue,2023-10,394230.84,6.29,24797.12,2.0
U013,Açougue,2023-11,487444.95,5.5,26809.47,2.0
U013,Açougue,2023-12,416886.63,4.97,20719.27,2.0
U013,Açougue,2024-01,480011.69,6.0,28800.7,2.0
U013,Açougue,2024-02,458820.12,4.68,21472.78,2.0
U013,Açougue,2024-03,449571.81,4.71,21174.83,2.0
U013,Açougue,2024-04,380686.79,5.12,19491.16,2.0
U013,Açougue,2024-05,391921.26,4.18,16382.31,2.0
U013,Açougue,2024-06,368871.91,4.08,15049.97,2.0
U013,Açougue,2024-07,416503.64,3.75,15618.89,2.0
U013,Açougue,2024-08,374287.78,3.94,14746.94,2.0
U013,Açougue,2024-09,485448.81,3.95,19175.23,2.0
U013,Açougue,2024-10,410016.13,3.77,15457.61,2.0
U013,Açougue,2024-11,420499.6,3.72,15642.59,2.0
U013,Açougue,2024-12,426219.11,3.01,12829.2,2.0
U013,Açougue,2025-01,451195.22,2.7,12182.27,2.0
U013,Açougue,2025-02,411819.41,2.68,11036.76,2.0
U013,Açougue,2025-03,462871.47,3.19,14765.6,2.0
U013,Açougue,2025-04,446839.71,2.89,12913.67,2.0
U013,Açougue,2025-05,454915.05,2.55,11600.33,2.0
U013,Açougue,2025-06,389524.67,2.59,10088.69,2.0
U013,Padaria,2023-06,402965.93,8.1,32640.24,2.0
U013,Padaria,2023-07,469916.7,6.76,31766.37,2.0
U013,Padaria,2023-08,473526.86,7.31,34614.81,2.0
U013,Padaria,2023-09,439989.34,7.67,33747.18,2.0
U013,Padaria,2023-10,366214.9,6.08,22265.87,2.0
U013,Padaria,2023-11,457579.96,6.55,29971.49,2.0
U013,Padaria,2023-12,373292.29,5.85,21837.6,2.0
U013,Padaria,2024-01,386556.53,5.18,20023.63,2.0
U013,Padaria,2024-02,364791.71,6.22,22690.04,2.0
U013,Padaria,2024-03,398374.33,5.21,20755.3,2.0
U013,Padaria,2024-04,491212.44,5.82,28588.56,2.0
U013,Padaria,2024-05,378972.13,4.51,17091.64,2.0
U013,Padaria,2024-06,488994.92,5.72,27970.51,2.0
U013,Padaria,2024-07,407403.04,4.35,17722.03,2.0
U013,Padaria,2024-08,405449.05,4.69,19015.56,2.0
U013,Padaria,2024-09,425851.16,4.34,18481.94,2.0
U013,Padaria,2024-10,371354.62,3.94,14631.37,2.0
U013,Padaria,2024-11,385173.38,3.54,13635.14,2.0
U013,Padaria,2024-12,444521.1,3.37,14980.36,2.0
U013,Padaria,2025-01,398093.63,3.86,15366.41,2.0
U013,Padaria,2025-02,457984.9,3.74,17128.64,2.0
U013,Padaria,2025-03,427516.04,3.08,13167.49,2.0
U013,Padaria,2025-04,483724.78,2.75,13302.43,2.0
U013,Padaria,2025-05,370875.03,2.88,10681.2,2.0
U013,Padaria,2025-06,453338.46,2.35,10653.45,2.0
U013,Frios e Laticínios,2023-06,456472.79,5.79,26429.77,2.0
U013,Frios e Laticínios,2023-07,466776.65,5.36,25019.23,2.0
U013,Frios e Laticínios,2023-08,376398.36,6.19,23299.06,2.0
U013,Frios e Laticínios,2023-09,388880.95,5.66,22010.66,2.0
U013,Frios e Laticínios,2023-10,467658.67,5.68,26563.01,2.0
U013,Frios e Laticínios,2023-11,394017.0,5.64,22222.56,2.0
U013,Frios e Laticínios,2023-12,449587.05,4.41,19826.79,2.0
U013,Frios e Laticínios,2024-01,382055.35,4.96,18949.95,2.0
U013,Frios e Laticínios,2024-02,439177.87,4.27,18752.9,2.0
U013,Frios e Laticínios,2024-03,445794.94,4.0,17831.8,2.0
U013,Frios e Laticínios,2024-04,397525.65,4.03,16020.28,2.0
U013,Frios e Laticínios,2024-05,432833.84,4.12,17832.75,2.0
U013,Frios e Laticínios,2024-06,368259.18,4.32,15908.8,2.0
U013,Frios e Laticínios,2024-07,392697.31,4.15,16296.94,2.0
U013,Frios e Laticínios,2024-08,446544.85,3.49,15584.42,2.0
U013,Frios e Laticínios,2024-09,443321.13,3.77,16713.21,2.0
U013,Frios e Laticínios,2024-10,390596.27,3.81,14881.72,2.0
U013,Frios e Laticínios,2024-11,449466.4,3.05,13708.73,2.0
U013,Frios e Laticínios,2024-12,384515.91,2.85,10958.7,2.0
U013,Frios e Laticínios,2025-01,463455.92,2.67,12374.27,2.0
U013,Frios e Laticínios,2025-02,456378.85,3.02,13782.64,2.0
U013,Frios e Laticínios,2025-03,466417.46,2.94,13712.67,2.0
U013,Frios e Laticínios,2025-04,404844.22,2.29,9270.93,2.0
U013,Frios e Laticínios,2025-05,371441.55,2.41,8951.74,2.0
U013,Frios e Laticínios,2025-06,375746.19,2.17,8153.69,2.0
U013,Mercearia,2023-06,430338.2,1.73,7444.85,2.0
U013,Mercearia,2023-07,484071.32,1.74,8422.84,2.0
U013,Mercearia,2023-08,423654.29,2.11,8939.11,2.0
U013,Mercearia,2023-09,379660.91,1.67,6340.34,2.0
U013,Mercearia,2023-10,431309.27,1.79,7720.44,2.0
U013,Mercearia,2023-11,456384.29,1.66,7575.98,2.0
U013,Mercearia,2023-12,463983.61,1.69,7841.32,2.0
U013,Mercearia,2024-01,373292.63,1.43,5338.08,2.0
U013,Mercearia,2024-02,426453.56,1.51,6439.45,2.0
U013,Mercearia,2024-03,450239.75,1.4,6303.36,2.0
U013,Mercearia,2024-04,405202.36,1.34,5429.71,2.0
U013,Mercearia,2024-05,455871.76,1.39,6336.62,2.0
U013,Mercearia,2024-06,412071.85,1.46,6016.25,2.0
U013,Mercearia,2024-07,483544.62,1.28,6189.37,2.0
U013,Mercearia,2024-08,443838.61,1.4,6213.74,2.0
U013,Mercearia,2024-09,422879.25,1.05,4440.23,2.0
U013,Mercearia,2024-10,400104.53,1.18,4721.23,2.0
U013,Mercearia,2024-11,490434.26,0.93,4561.04,2.0
U013,Mercearia,2024-12,380865.26,1.15,4379.95,2.0
U013,Mercearia,2025-01,443915.91,0.96,4261.59,2.0
U013,Mercearia,2025-02,373097.99,0.86,3208.64,2.0
U013,Mercearia,2025-03,463383.75,0.93,4309.47,2.0
U013,Mercearia,2025-04,375304.37,0.79,2964.9,2.0
U013,Mercearia,2025-05,376376.71,0.73,2747.55,2.0
U013,Mercearia,2025-06,370871.94,0.8,2966.98,2.0
U013,Bebidas,2023-06,463018.98,1.4,6482.27,2.0
U013,Bebidas,2023-07,377984.91,1.3,4913.8,2.0
U013,Bebidas,2023-08,385369.19,1.24,4778.58,2.0
U013,Bebidas,2023-09,471397.53,1.39,6552.43,2.0
U013,Bebidas,2023-10,386616.41,1.2,4639.4,2.0
U013,Bebidas,2023-11,419029.45,1.4,5866.41,2.0
U013,Bebidas,2023-12,380134.64,1.2,4561.62,2.0
U013,Bebidas,2024-01,489224.95,1.12,5479.32,2.0
U013,Bebidas,2024-02,397658.86,1.04,4135.65,2.0
U013,Bebidas,2024-03,478938.79,1.22,5843.05,2.0
U013,Bebidas,2024-04,425070.28,1.23,5228.36,2.0
U013,Bebidas,2024-05,441949.48,1.2,5303.39,2.0
U013,Bebidas,2024-06,424101.33,0.95,4028.96,2.0
U013,Bebidas,2024-07,458656.2,1.03,4724.16,2.0
U013,Bebidas,2024-08,389184.63,0.83,3230.23,2.0
U013,Bebidas,2024-09,378042.88,1.01,3818.23,2.0
U013,Bebidas,2024-10,407852.25,0.93,3793.03,2.0
U013,Bebidas,2024-11,397091.65,0.75,2978.19,2.0
U013,Bebidas,2024-12,491644.57,0.76,3736.5,2.0
U013,Bebidas,2025-01,474153.59,0.65,3082.0,2.0
U013,Bebidas,2025-02,386504.22,0.65,2512.28,2.0
U013,Bebidas,2025-03,408205.67,0.69,2816.62,2.0
U013,Bebidas,2025-04,418082.43,0.55,2299.45,2.0
U013,Bebidas,2025-05,475250.38,0.62,2946.55,2.0
U013,Bebidas,2025-06,365624.83,0.54,1974.37,2.0
U013,Congelados,2023-06,442267.71,3.24,14329.47,2.0
U013,Congelados,2023-07,486688.3,3.27,15914.71,2.0
U013,Congelados,2023-08,473377.7,2.69,12733.86,2.0
U013,Congelados,2023-09,398482.71,3.02,12034.18,2.0
U013,Congelados,2023-10,412454.91,2.57,10600.09,2.0
U013,Congelados,2023-11,412916.96,2.48,10240.34,2.0
U013,Congelados,2023-12,393489.8,2.22,8735.47,2.0
U013,Congelados,2024-01,417073.55,2.73,11386.11,2.0
U013,Congelados,2024-02,478366.05,2.45,11719.97,2.0
U013,Congelados,2024-03,395705.02,2.44,9655.2,2.0
U013,Congelados,2024-04,467679.69,2.46,11504.92,2.0
U013,Congelados,2024-05,457893.74,2.42,11081.03,2.0
U013,Congelados,2024-06,468816.21,2.18,10220.19,2.0
U013,Congelados,2024-07,448619.86,1.8,8075.16,2.0
U013,Congelados,2024-08,472247.46,1.8,8500.45,2.0
U013,Congelados,2024-09,433601.56,1.59,6894.26,2.0
U013,Congelados,2024-10,469792.72,1.62,7610.64,2.0
U013,Congelados,2024-11,472782.44,1.54,7280.85,2.0
U013,Congelados,2024-12,477279.65,1.7,8113.75,2.0
U013,Congelados,2025-01,484917.95,1.3,6303.93,2.0
U013,Congelados,2025-02,451320.0,1.48,6679.54,2.0
U013,Congelados,2025-03,370457.26,1.35,5001.17,2.0
U013,Congelados,2025-04,434713.2,1.35,5868.63,2.0
U013,Congelados,2025-05,407911.65,1.12,4568.61,2.0
U013,Congelados,2025-06,464858.98,1.14,5299.39,2.0
U014,Hortifruti,2023-06,156726.5,10.0,15672.65,2.0
U014,Hortifruti,2023-07,158537.73,8.34,13222.05,2.0
U014,Hortifruti,2023-08,162538.42,7.49,12174.13,2.0
U014,Hortifruti,2023-09,186679.62,7.09,13235.59,2.0
U014,Hortifruti,2023-10,149347.9,7.37,11006.94,2.0
U014,Hortifruti,2023-11,183828.31,6.77,12445.18,2.0
U014,Hortifruti,2023-12,169477.79,6.86,11626.18,2.0
U014,Hortifruti,2024-01,186980.53,7.08,13238.22,2.0
U014,Hortifruti,2024-02,161651.07,8.01,12948.25,2.0
U014,Hortifruti,2024-03,191729.18,7.08,13574.43,2.0
U014,Hortifruti,2024-04,191982.75,6.5,12478.88,2.0
U014,Hortifruti,2024-05,161735.53,6.76,10933.32,2.0
U014,Hortifruti,2024-06,175196.65,6.76,11843.29,2.0
U014,Hortifruti,2024-07,175927.92,5.14,9042.7,2.0
U014,Hortifruti,2024-08,172381.8,6.14,10584.24,2.0
U014,Hortifruti,2024-09,167129.85,5.32,8891.31,2.0
U014,Hortifruti,2024-10,179941.86,5.68,10220.7,2.0
U014,Hortifruti,2024-11,164350.06,4.43,7280.71,2.0
U014,Hortifruti,2024-12,195016.95,4.42,8619.75,2.0
U014,Hortifruti,2025-01,152135.53,4.63,7043.88,2.0
U014,Hortifruti,2025-02,147508.38,4.64,6844.39,2.0
U014,Hortifruti,2025-03,167950.07,3.99,6701.21,2.0
U014,Hortifruti,2025-04,167793.44,3.87,6493.61,2.0
U014,Hortifruti,2025-05,172646.41,2.98,5144.86,2.0
U014,Hortifruti,2025-06,186284.69,3.45,6426.82,2.0
U014,Açougue,2023-06,157148.29,6.22,9774.62,2.0
U014,Açougue,2023-07,186945.81,6.79,12693.62,2.0
U014,Açougue,2023-08,191131.37,5.63,10760.7,2.0
U014,Açougue,2023-09,168006.93,6.85,11508.47,2.0
U014,Açougue,2023-10,182221.1,5.59,10186.16,2.0
U014,Açougue,2023-11,156088.66,6.34,9896.02,2.0
U014,Açougue,2023-12,162636.13,5.12,8326.97,2.0
U014,Açougue,2024-01,155321.93,5.63,8744.62,2.0
U014,Açougue,2024-02,171444.43,5.16,8846.53,2.0
U014,Açougue,2024-03,153081.67,5.16,7899.01,2.0
U014,Açougue,2024-04,197140.81,5.39,10625.89,2.0
U014,Açougue,2024-05,186610.92,4.65,8677.41,2.0
U014,Açougue,2024-06,192524.22,3.97,7643.21,2.0
U014,Açougue,2024-07,184775.6,4.28,7908.4,2.0
U014,Açougue,2024-08,164316.63,4.48,7361.39,2.0
U014,Açougue,2024-09,156380.27,4.35,6802.54,2.0
U014,Açougue,2024-10,171552.15,3.16,5421.05,2.0
U014,Açougue,2024-11,192023.26,3.93,7546.51,2.0
U014,Açougue,2024-12,171983.89,3.79,6518.19,2.0
U014,Açougue,2025-01,174512.47,3.56,6212.64,2.0
U014,Açougue,2025-02,178169.37,2.66,4739.31,2.0
U014,Açougue,2025-03,167512.31,3.06,5125.88,2.0
U014,Açougue,2025-04,159041.63,2.71,4310.03,2.0
U014,Açougue,2025-05,167328.22,2.29,3831.82,2.0
U014,Açougue,2025-06,169797.74,2.28,3871.39,2.0
U014,Padaria,2023-06,146005.96,6.58,9607.19,2.0
U014,Padaria,2023-07,182583.61,6.95,12689.56,2.0
U014,Padaria,2023-08,157905.61,7.62,12032.41,2.0
U014,Padaria,2023-09,172286.39,6.39,11009.1,2.0
U014,Padaria,2023-10,176721.68,6.04,10673.99,2.0
U014,Padaria,2023-11,156102.7,7.27,11348.67,2.0
U014,Padaria,2023-12,182783.57,6.44,11771.26,2.0
U014,Padaria,2024-01,182335.86,6.53,11906.53,2.0
U014,Padaria,2024-02,159730.54,6.25,9983.16,2.0
U014,Padaria,2024-03,193290.66,6.25,12080.67,2.0
U014,Padaria,2024-04,194269.4,4.73,9188.94,2.0
U014,Padaria,2024-05,150154.56,5.17,7762.99,2.0
U014,Padaria,2024-06,186695.86,4.41,8233.29,2.0
U014,Padaria,2024-07,153022.67,5.12,7834.76,2.0
U014,Padaria,2024-08,178562.19,4.6,8213.86,2.0
U014,Padaria,2024-09,162996.71,5.12,8345.43,2.0
U014,Padaria,2024-10,158320.32,4.59,7266.9,2.0
U014,Padaria,2024-11,154005.96,3.68,5667.42,2.0
U014,Padaria,2024-12,177507.96,3.74,6638.8,2.0
U014,Padaria,2025-01,154042.0,3.43,5283.64,2.0
U014,Padaria,2025-02,150084.89,3.15,4727.67,2.0
U014,Padaria,2025-03,161954.91,2.94,4761.47,2.0
U014,Padaria,2025-04,155156.52,3.04,4716.76,2.0
U014,Padaria,2025-05,168333.9,2.81,4730.18,2.0
U014,Padaria,2025-06,170721.35,3.0,5121.64,2.0
U014,Frios e Laticínios,2023-06,169959.12,6.8,11557.22,2.0
U014,Frios e Laticínios,2023-07,176158.33,5.31,9354.01,2.0
U014,Frios e Laticínios,2023-08,154415.5,5.07,7828.87,2.0
U014,Frios e Laticínios,2023-09,181783.22,4.81,8743.77,2.0
U014,Frios e Laticínios,2023-10,166460.38,6.1,10154.08,2.0
U014,Frios e Laticínios,2023-11,167580.0,4.96,8311.97,2.0
U014,Frios e Laticínios,2023-12,181236.07,4.8,8699.33,2.0
U014,Frios e Laticínios,2024-01,153548.22,4.7,7216.77,2.0
U014,Frios e Laticínios,2024-02,175160.85,5.21,9125.88,2.0
U014,Frios e Laticínios,2024-03,189402.8,3.87,7329.89,2.0
U014,Frios e Laticínios,2024-04,163944.29,4.67,7656.2,2.0
U014,Frios e Laticínios,2024-05,193040.33,4.38,8455.17,2.0
U014,Frios e Laticínios,2024-06,167960.5,3.93,6600.85,2.0
U014,Frios e Laticínios,2024-07,174217.04,3.65,6358.92,2.0
U014,Frios e Laticínios,2024-08,183516.89,3.91,7175.51,2.0
U014,Frios e Laticínios,2024-09,153187.71,4.04,6188.78,2.0
U014,Frios e Laticínios,2024-10,189509.57,3.26,6178.01,2.0
U014,Frios e Laticínios,2024-11,176058.42,3.52,6197.26,2.0
U014,Frios e Laticínios,2024-12,163203.03,3.24,5287.78,2.0
U014,Frios e Laticínios,2025-01,173968.62,3.3,5740.96,2.0
U014,Frios e Laticínios,2025-02,155095.5,2.67,4141.05,2.0
U014,Frios e Laticínios,2025-03,191872.73,2.29,4393.89,2.0
U014,Frios e Laticínios,2025-04,147089.96,2.64,3883.17,2.0
U014,Frios e Laticínios,2025-05,170380.49,2.14,3646.14,2.0
U014,Frios e Laticínios,2025-06,164405.86,2.1,3452.52,2.0
U014,Mercearia,2023-06,163706.02,2.24,3667.01,2.0
U014,Mercearia,2023-07,193511.38,1.96,3792.82,2.0
U014,Mercearia,2023-08,170241.29,1.97,3353.75,2.0
U014,Mercearia,2023-09,165623.28,1.75,2898.41,2.0
U014,Mercearia,2023-10,186135.23,1.84,3424.89,2.0
U014,Mercearia,2023-11,164767.79,1.6,2636.28,2.0
U014,Mercearia,2023-12,164375.63,1.62,2662.89,2.0
U014,Mercearia,2024-01,173431.33,1.82,3156.45,2.0
U014,Mercearia,2024-02,162807.51,1.46,2376.99,2.0
U014,Mercearia,2024-03,153954.38,1.66,2555.64,2.0
U014,Mercearia,2024-04,146833.32,1.54,2261.23,2.0
U014,Mercearia,2024-05,148773.11,1.27,1889.42,2.0
U014,Mercearia,2024-06,153268.64,1.47,2253.05,2.0
U014,Mercearia,2024-07,148675.98,1.19,1769.24,2.0
U014,Mercearia,2024-08,183432.99,1.15,2109.48,2.0
U014,Mercearia,2024-09,192531.22,1.27,2445.15,2.0
U014,Mercearia,2024-10,174045.98,1.29,2245.19,2.0
U014,Mercearia,2024-11,150321.87,1.22,1833.93,2.0
U014,Mercearia,2024-12,168036.03,1.16,1949.22,2.0
U014,Mercearia,2025-01,184185.43,0.88,1620.83,2.0
U014,Mercearia,2025-02,165553.33,1.02,1688.64,2.0
U014,Mercearia,2025-03,190607.7,0.76,1448.62,2.0
U014,Mercearia,2025-04,176416.73,0.87,1534.83,2.0
U014,Mercearia,2025-05,147673.53,0.86,1269.99,2.0
U014,Mercearia,2025-06,152103.28,0.61,927.83,2.0
U014,Bebidas,2023-06,182140.48,1.28,2331.4,2.0
U014,Bebidas,2023-07,151491.56,1.52,2302.67,2.0
U014,Bebidas,2023-08,155018.95,1.27,1968.74,2.0
U014,Bebidas,2023-09,180299.29,1.42,2560.25,2.0
U014,Bebidas,2023-10,164261.55,1.53,2513.2,2.0
U014,Bebidas,2023-11,168057.77,1.48,2487.25,2.0
U014,Bebidas,2023-12,158741.82,1.22,1936.65,2.0
U014,Bebidas,2024-01,195837.05,1.12,2193.37,2.0
U014,Bebidas,2024-02,182016.25,1.35,2457.22,2.0
U014,Bebidas,2024-03,154966.23,1.02,1580.66,2.0
U014,Bebidas,2024-04,163766.53,0.98,1604.91,2.0
U014,Bebidas,2024-05,148745.25,1.13,1680.82,2.0
U014,Bebidas,2024-06,180722.05,1.02,1843.36,2.0
U014,Bebidas,2024-07,168321.2,0.84,1413.9,2.0
U014,Bebidas,2024-08,175320.93,1.01,1770.74,2.0
U014,Bebidas,2024-09,191042.14,0.88,1681.17,2.0
U014,Bebidas,2024-10,163044.73,0.88,1434.79,2.0
U014,Bebidas,2024-11,194229.76,0.78,1514.99,2.0
U014,Bebidas,2024-12,192762.96,0.85,1638.49,2.0
U014,Bebidas,2025-01,153041.32,0.74,1132.51,2.0
U014,Bebidas,2025-02,165427.64,0.62,1025.65,2.0
U014,Bebidas,2025-03,145950.93,0.68,992.47,2.0
U014,Bebidas,2025-04,186135.51,0.66,1228.49,2.0
U014,Bebidas,2025-05,146002.83,0.57,832.22,2.0
U014,Bebidas,2025-06,167011.05,0.57,951.96,2.0
U014,Congelados,2023-06,175022.44,3.15,5513.21,2.0
U014,Congelados,2023-07,166737.53,3.12,5202.21,2.0
U014,Congelados,2023-08,194854.36,3.23,6293.8,2.0
U014,Congelados,2023-09,177352.96,3.11,5515.68,2.0
U014,Congelados,2023-10,165082.23,2.53,4176.58,2.0
U014,Congelados,2023-11,192194.48,2.41,4631.89,2.0
U014,Congelados,2023-12,186246.81,2.73,5084.54,2.0
U014,Congelados,2024-01,196668.82,2.67,5251.06,2.0
U014,Congelados,2024-02,162082.63,2.48,4019.65,2.0
U014,Congelados,2024-03,159203.47,2.44,3884.56,2.0
U014,Congelados,2024-04,153863.38,2.26,3477.31,2.0
U014,Congelados,2024-05,170849.61,2.33,3980.8,2.0
U014,Congelados,2024-06,193177.51,1.89,3651.05,2.0
U014,Congelados,2024-07,193553.7,1.7,3290.41,2.0
U014,Congelados,2024-08,153381.43,2.01,3082.97,2.0
U014,Congelados,2024-09,175199.71,1.92,3363.83,2.0
U014,Congelados,2024-10,175878.29,1.91,3359.28,2.0
U014,Congelados,2024-11,193715.6,1.58,3060.71,2.0
U014,Congelados,2024-12,185678.45,1.35,2506.66,2.0
U014,Congelados,2025-01,159941.28,1.28,2047.25,2.0
U014,Congelados,2025-02,190522.29,1.22,2324.37,2.0
U014,Congelados,2025-03,183070.78,1.27,2325.0,2.0
U014,Congelados,2025-04,183273.87,1.12,2052.67,2.0
U014,Congelados,2025-05,150732.53,1.18,1778.64,2.0
U014,Congelados,2025-06,182835.64,1.05,1919.77,2.0
U015,Hortifruti,2023-06,269047.29,8.23,22142.59,2.0
U015,Hortifruti,2023-07,247153.85,8.17,20192.47,2.0
U015,Hortifruti,2023-08,291323.37,9.58,27908.78,2.0
U015,Hortifruti,2023-09,251492.74,9.5,23891.81,2.0
U015,Hortifruti,2023-10,280940.53,8.2,23037.12,2.0
U015,Hortifruti,2023-11,253765.24,8.38,21265.53,2.0
U015,Hortifruti,2023-12,249525.49,8.36,20860.33,2.0
U015,Hortifruti,2024-01,255042.53,8.28,21117.52,2.0
U015,Hortifruti,2024-02,276360.02,6.24,17244.87,2.0
U015,Hortifruti,2024-03,270993.65,6.08,16476.41,2.0
U015,Hortifruti,2024-04,294810.58,5.68,16745.24,2.0
U015,Hortifruti,2024-05,275687.02,6.4,17643.97,2.0
U015,Hortifruti,2024-06,267700.62,5.4,14455.83,2.0
U015,Hortifruti,2024-07,237787.92,5.62,13363.68,2.0
U015,Hortifruti,2024-08,221137.22,6.12,13533.6,2.0
U015,Hortifruti,2024-09,225274.24,5.31,11962.06,2.0
U015,Hortifruti,2024-10,287478.04,5.64,16213.76,2.0
U015,Hortifruti,2024-11,254408.7,4.18,10634.28,2.0
U015,Hortifruti,2024-12,274013.74,4.57,12522.43,2.0
U015,Hortifruti,2025-01,245048.85,4.67,11443.78,2.0
U015,Hortifruti,2025-02,232866.31,4.66,10851.57,2.0
U015,Hortifruti,2025-03,281419.24,3.46,9737.11,2.0
U015,Hortifruti,2025-04,232914.88,3.22,7499.86,2.0
U015,Hortifruti,2025-05,244517.83,3.39,8289.15,2.0
U015,Hortifruti,2025-06,290307.45,2.83,8215.7,2.0
U015,Açougue,2023-06,279194.97,6.45,18008.08,2.0
U015,Açougue,2023-07,288972.75,5.85,16904.91,2.0
U015,Açougue,2023-08,288496.54,5.63,16242.36,2.0
U015,Açougue,2023-09,293481.89,6.17,18107.83,2.0
U015,Açougue,2023-10,267234.43,6.27,16755.6,2.0
U015,Açougue,2023-11,284515.73,5.68,16160.49,2.0
U015,Açougue,2023-12,226157.25,5.35,12099.41,2.0
U015,Açougue,2024-01,280717.43,5.92,16618.47,2.0
U015,Açougue,2024-02,276021.72,5.37,14822.37,2.0
U015,Açougue,2024-03,254313.58,4.52,11494.97,2.0
U015,Açougue,2024-04,292782.66,5.2,15224.7,2.0
U015,Açougue,2024-05,230952.68,5.14,11870.97,2.0
U015,Açougue,2024-06,261317.5,4.63,12099.0,2.0
U015,Açougue,2024-07,231511.77,4.09,9468.83,2.0
U015,Açougue,2024-08,254849.98,3.6,9174.6,2.0
U015,Açougue,2024-09,239233.8,3.85,9210.5,2.0
U015,Açougue,2024-10,261311.25,3.54,9250.42,2.0
U015,Açougue,2024-11,264037.9,3.78,9980.63,2.0
U015,Açougue,2024-12,286926.02,2.99,8579.09,2.0
U015,Açougue,2025-01,292611.42,3.03,8866.13,2.0
U015,Açougue,2025-02,229397.54,3.41,7822.46,2.0
U015,Açougue,2025-03,293154.35,2.87,8413.53,2.0
U015,Açougue,2025-04,260805.73,2.54,6624.47,2.0
U015,Açougue,2025-05,220782.63,2.31,5100.08,2.0
U015,Açougue,2025-06,228136.64,2.07,4722.43,2.0
U015,Padaria,2023-06,267131.34,7.01,18725.91,2.0
U015,Padaria,2023-07,291720.55,7.43,21674.84,2.0
U015,Padaria,2023-08,246521.86,7.49,18464.49,2.0
U015,Padaria,2023-09,267481.5,7.82,20917.05,2.0
U015,Padaria,2023-10,285112.22,6.77,19302.1,2.0
U015,Padaria,2023-11,246369.51,6.81,16777.76,2.0
U015,Padaria,2023-12,241735.98,6.48,15664.49,2.0
U015,Padaria,2024-01,237410.93,6.93,16452.58,2.0
U015,Padaria,2024-02,223537.76,6.71,14999.38,2.0
U015,Padaria,2024-03,261243.78,4.84,12644.2,2.0
U015,Padaria,2024-04,257718.62,4.99,12860.16,2.0
U015,Padaria,2024-05,283127.35,4.66,13193.73,2.0
U015,Padaria,2024-06,271355.34,5.32,14436.1,2.0
U015,Padaria,2024-07,295106.24,5.48,16171.82,2.0
U015,Padaria,2024-08,273589.28,4.91,13433.23,2.0
U015,Padaria,2024-09,222370.0,3.79,8427.82,2.0
U015,Padaria,2024-10,293327.87,4.16,12202.44,2.0
U015,Padaria,2024-11,262425.13,3.82,10024.64,2.0
U015,Padaria,2024-12,250642.93,3.28,8221.09,2.0
U015,Padaria,2025-01,264047.54,4.08,10773.14,2.0
U015,Padaria,2025-02,219579.58,3.77,8278.15,2.0
U015,Padaria,2025-03,232398.51,2.95,6855.76,2.0
U015,Padaria,2025-04,226413.47,3.33,7539.57,2.0
U015,Padaria,2025-05,239203.45,3.19,7630.59,2.0
U015,Padaria,2025-06,258343.35,2.92,7543.63,2.0
U015,Frios e Laticínios,2023-06,293122.7,5.68,16649.37,2.0
U015,Frios e Laticínios,2023-07,272373.0,5.67,15443.55,2.0
U015,Frios e Laticínios,2023-08,282631.76,4.94,13962.01,2.0
U015,Frios e Laticínios,2023-09,227095.89,6.31,14329.75,2.0
U015,Frios e Laticínios,2023-10,239431.16,5.75,13767.29,2.0
U015,Frios e Laticínios,2023-11,246668.95,4.64,11445.44,2.0
U015,Frios e Laticínios,2023-12,292131.18,5.27,15395.31,2.0
U015,Frios e Laticínios,2024-01,295219.13,5.58,16473.23,2.0
U015,Frios e Laticínios,2024-02,268979.43,4.87,13099.3,2.0
U015,Frios e Laticínios,2024-03,274582.31,4.08,11202.96,2.0
U015,Frios e Laticínios,2024-04,246265.68,4.44,10934.2,2.0
U015,Frios e Laticínios,2024-05,238248.2,4.72,11245.32,2.0
U015,Frios e Laticínios,2024-06,230772.76,3.61,8330.9,2.0
U015,Frios e Laticínios,2024-07,263972.55,3.48,9186.24,2.0
U015,Frios e Laticínios,2024-08,230917.02,4.06,9375.23,2.0
U015,Frios e Laticínios,2024-09,262884.86,3.57,9384.99,2.0
U015,Frios e Laticínios,2024-10,250408.15,3.46,8664.12,2.0
U015,Frios e Laticínios,2024-11,219737.71,3.28,7207.4,2.0
U015,Frios e Laticínios,2024-12,251176.85,2.67,6706.42,2.0
U015,Frios e Laticínios,2025-01,276955.66,2.68,7422.41,2.0
U015,Frios e Laticínios,2025-02,282135.12,2.54,7166.23,2.0
U015,Frios e Laticínios,2025-03,225713.56,2.39,5394.55,2.0
U015,Frios e Laticínios,2025-04,248466.1,2.41,5988.03,2.0
U015,Frios e Laticínios,2025-05,277594.32,2.15,5968.28,2.0
U015,Frios e Laticínios,2025-06,270257.62,1.93,5215.97,2.0
U015,Mercearia,2023-06,253488.28,2.2,5576.74,2.0
U015,Mercearia,2023-07,289824.04,1.95,5651.57,2.0
U015,Mercearia,2023-08,232527.71,1.95,4534.29,2.0
U015,Mercearia,2023-09,224909.97,1.6,3598.56,2.0
U015,Mercearia,2023-10,225425.42,1.69,3809.69,2.0
U015,Mercearia,2023-11,251248.44,1.81,4547.6,2.0
U015,Mercearia,2023-12,258081.34,1.58,4077.69,2.0
U015,Mercearia,2024-01,237423.88,1.83,4344.86,2.0
U015,Mercearia,2024-02,242126.55,1.4,3389.77,2.0
U015,Mercearia,2024-03,288764.37,1.43,4129.33,2.0
U015,Mercearia,2024-04,251653.54,1.55,3900.63,2.0
U015,Mercearia,2024-05,222074.95,1.26,2798.14,2.0
U015,Mercearia,2024-06,283949.66,1.2,3407.4,2.0
U015,Mercearia,2024-07,230650.8,1.35,3113.79,2.0
U015,Mercearia,2024-08,223075.59,1.29,2877.68,2.0
U015,Mercearia,2024-09,244440.87,1.19,2908.85,2.0
U015,Mercearia,2024-10,275849.76,1.0,2758.5,2.0
U015,Mercearia,2024-11,257963.59,1.15,2966.58,2.0
U015,Mercearia,2024-12,270225.95,0.92,2486.08,2.0
U015,Mercearia,2025-01,269580.48,0.95,2561.01,2.0
U015,Mercearia,2025-02,288200.67,0.8,2305.61,2.0
U015,Mercearia,2025-03,235753.07,0.73,1721.0,2.0
U015,Mercearia,2025-04,233875.36,0.78,1824.23,2.0
U015,Mercearia,2025-05,271602.27,0.66,1792.57,2.0
U015,Mercearia,2025-06,244411.86,0.8,1955.29,2.0
U015,Bebidas,2023-06,270308.41,1.39,3757.29,2.0
U015,Bebidas,2023-07,249486.96,1.34,3343.13,2.0
U015,Bebidas,2023-08,251797.57,1.5,3776.96,2.0
U015,Bebidas,2023-09,224006.63,1.24,2777.68,2.0
U015,Bebidas,2023-10,294989.7,1.35,3982.36,2.0
U015,Bebidas,2023-11,226276.45,1.46,3303.64,2.0
U015,Bebidas,2023-12,256251.31,1.26,3228.77,2.0
U015,Bebidas,2024-01,270243.61,1.1,2972.68,2.0
U015,Bebidas,2024-02,280962.46,1.17,3287.26,2.0
U015,Bebidas,2024-03,290614.43,1.06,3080.51,2.0
U015,Bebidas,2024-04,255099.59,1.2,3061.2,2.0
U015,Bebidas,2024-05,255883.58,0.94,2405.31,2.0
U015,Bebidas,2024-06,271469.26,0.9,2443.22,2.0
U015,Bebidas,2024-07,263170.91,1.03,2710.66,2.0
U015,Bebidas,2024-08,222060.29,1.06,2353.84,2.0
U015,Bebidas,2024-09,280353.21,0.95,2663.36,2.0
U015,Bebidas,2024-10,243414.5,0.75,1825.61,2.0
U015,Bebidas,2024-11,263545.73,0.7,1844.82,2.0
U015,Bebidas,2024-12,245415.19,0.82,2012.4,2.0
U015,Bebidas,2025-01,246861.28,0.77,1900.83,2.0
U015,Bebidas,2025-02,239934.32,0.73,1751.52,2.0
U015,Bebidas,2025-03,252355.4,0.74,1867.43,2.0
U015,Bebidas,2025-04,225627.32,0.52,1173.26,2.0
U015,Bebidas,2025-05,285278.51,0.6,1711.67,2.0
U015,Bebidas,2025-06,230557.63,0.55,1268.07,2.0
U015,Congelados,2023-06,273870.78,3.33,9119.9,2.0
U015,Congelados,2023-07,247931.1,2.58,6396.62,2.0
U015,Congelados,2023-08,218850.88,2.98,6521.76,2.0
U015,Congelados,2023-09,245851.5,2.38,5851.27,2.0
U015,Congelados,2023-10,295432.9,2.98,8803.9,2.0
U015,Congelados,2023-11,288686.07,2.45,7072.81,2.0
U015,Congelados,2023-12,285308.52,2.73,7788.92,2.0
U015,Congelados,2024-01,293349.81,2.5,7333.75,2.0
U015,Congelados,2024-02,291690.48,2.45,7146.42,2.0
U015,Congelados,2024-03,233732.96,2.31,5399.23,2.0
U015,Congelados,2024-04,255828.83,2.2,5628.23,2.0
U015,Congelados,2024-05,247399.74,2.0,4947.99,2.0
U015,Congelados,2024-06,263934.82,2.03,5357.88,2.0
U015,Congelados,2024-07,239972.18,1.78,4271.5,2.0
U015,Congelados,2024-08,257442.93,1.86,4788.44,2.0
U015,Congelados,2024-09,269806.42,1.74,4694.63,2.0
U015,Congelados,2024-10,259598.15,1.54,3997.81,2.0
U015,Congelados,2024-11,277975.25,1.51,4197.43,2.0
U015,Congelados,2024-12,278822.2,1.63,4544.8,2.0
U015,Congelados,2025-01,237777.11,1.46,3471.55,2.0
U015,Congelados,2025-02,257978.26,1.55,3998.66,2.0
U015,Congelados,2025-03,240973.47,1.25,3012.17,2.0
U015,Congelados,2025-04,273240.78,1.18,3224.24,2.0
U015,Congelados,2025-05,255798.7,1.24,3171.9,2.0
U015,Congelados,2025-06,234996.5,1.12,2631.96,2.0
